order_id,order_date,first_response_time,response_delay_minutes,customer_id,customer_name,phone,email,city,channel,manager,product_name,category,quantity,unit_price,discount_amount,total_amount,status,payment_type
ORD-202606-0034,2026-06-22 02:03:02,2026-06-22 02:15:02,12,CUST-NEW-0034,Михей Викентьевич Матвеев,+7 (161) 544-1660,dobroslav09@hotmail.com,Краснодар,Сайт (интернет-магазин),Максим Романов,Защитное стекло Premium 9D,Аксессуары,2,450,90,810,В обработке,Безналичный расчет (юрлицо)
ORD-202606-0163,2026-06-22 17:10:07,2026-06-22 17:15:07,5,CUST-NEW-0163,Аверьян Игнатович Ковалев,8 853 535 0989,amosfilippov@hotmail.com,Нижний Новгород,Сайт (интернет-магазин),Анна Смирнова,Светодиодная лампа с диммером,Товары для дома,1,1600,240,1360,Передан в доставку,Долями / Сплит
ORD-202606-0074,2026-06-22 20:15:27,2026-06-22 20:40:27,25,CUST-0027,Нонна Вадимовна Яковлева,+7 (359) 169-6075,praskovja34@yahoo.com,Ростов-на-Дону,Ozon,Онлайн-автоматизация,Чехол для смартфона силиконовый,Аксессуары,2,650,130,1170,Доставлен и оплачен,Банковская карта
ORD-202606-0191,2026-06-23 22:29:44,2026-06-23 22:37:44,8,CUST-0080,Людмила Максимовна Муравьева,8 (923) 778-73-32,pelageja_67@rambler.ru,Нижний Новгород,Розничный магазин (офлайн),Анна Смирнова,Защитное стекло Premium 9D,Аксессуары,3,650,0,1950,Доставлен и оплачен,Безналичный расчет (юрлицо)
ORD-202606-0190,2026-06-24 00:08:04,2026-06-24 03:08:04,180,CUST-NEW-0190,Шашков Мефодий Гаврилович,+7 621 732 5227,filimon_1983@mail.ru,Краснодар,Авито,Максим Романов,Кроссовки городские демисезон,Обувь,1,5100,0,5100,Доставлен и оплачен,СБП
ORD-202606-0234,2026-06-24 20:07:51,2026-06-24 20:10:51,3,CUST-NEW-0234,Боброва Алевтина Эльдаровна,81797552067,fadeevfoti@hotmail.com,Ростов-на-Дону,Сайт (интернет-магазин),Дмитрий Ковалев,Светодиодная лампа с диммером,Товары для дома,1,1900,0,1900,Отменен клиентом,Безналичный расчет (юрлицо)
ORD-202606-0055,2026-06-25 23:38:21,2026-06-26 01:58:21,140,CUST-NEW-0055,Ларионов Парфен Дмитриевич,+7 034 102 9726,bogdansuhanov@yahoo.com,Ростов-на-Дону,Wildberries,Онлайн-автоматизация,Кабель USB-C - Lightning нейлон 1.5м,Аксессуары,1,950,0,950,Доставлен и оплачен,При получении
ORD-202606-0130,2026-06-26 02:06:05,2026-06-26 02:25:05,19,CUST-NEW-0130,Мартынов Валентин Вячеславович,+7 987 923 5351,firs77@mail.ru,Нижний Новгород,Авито,Ольга Кузнецова,Футболка базовая оверсайз,Одежда,1,1300,0,1300,В обработке,Банковская карта
ORD-202606-0025,2026-06-27 12:44:14,2026-06-27 13:00:14,16,CUST-0047,Лукия Ивановна Архипова,+76499133761,budimirnosov@yandex.ru,Самара,Ozon,Онлайн-автоматизация,Защитное стекло Premium 9D,Аксессуары,4,350,0,1400,Отменен клиентом,СБП
ORD-202606-0038,2026-06-27 13:02:59,2026-06-27 13:21:59,19,CUST-NEW-0038,Лихачев Амос Ануфриевич,8 (139) 311-24-01,grishinvlas@yahoo.com,Краснодар,VK Маркет,Онлайн-автоматизация,Крем восстанавливающий SPF 50,Красота и уход,1,1200,0,1200,Доставлен и оплачен,Безналичный расчет (юрлицо)
ORD-202606-0133,2026-06-27 13:10:21,2026-06-27 14:58:21,108,CUST-0070,Модест Артурович Гусев,8 066 417 9459,harlampi_70@mail.ru,Санкт-Петербург,Сайт (интернет-магазин),Ольга Кузнецова,Футболка базовая оверсайз,Одежда,1,1700,255,1445,Доставлен и оплачен,Безналичный расчет (юрлицо)
ORD-202606-0103,2026-06-28 06:02:30,2026-06-28 06:26:30,24,CUST-0014,Януарий Ануфриевич Рыбаков,8 (588) 959-2800,arhip_93@yahoo.com,Краснодар,Розничный магазин (офлайн),Максим Романов,Набор органической косметики CareSet,Красота и уход,1,3250,98,3152,Доставлен и оплачен,Банковская карта
ORD-202606-0180,2026-06-28 06:21:57,2026-06-28 06:32:57,11,CUST-0073,Рюрик Давыдович Марков,8 552 457 0227,dorofe_13@yahoo.com,Нижний Новгород,Сайт (интернет-магазин),Анна Смирнова,Защитное стекло Premium 9D,Аксессуары,1,400,0,400,Отменен клиентом,СБП
ORD-202606-0155,2026-06-29 11:13:08,2026-06-29 11:17:08,4,CUST-0008,Селиверстов Наркис Федосеевич,+7 439 367 5372,julian_37@gmail.com,Санкт-Петербург,Ozon,Онлайн-автоматизация,Кабель USB-C - Lightning нейлон 1.5м,Аксессуары,1,1200,60,1140,Доставлен и оплачен,Банковская карта
ORD-202606-0120,2026-06-29 11:38:12,2026-06-29 13:23:12,105,CUST-NEW-0120,Лариса Вячеславовна Филатова,+7 673 880 5507,martjan76@mail.ru,Краснодар,Розничный магазин (офлайн),Елена Васильева,Худи оверсайз хлопок,Одежда,1,5800,870,4930,Отменен клиентом,Безналичный расчет (юрлицо)
ORD-202606-0216,2026-06-29 14:05:26,2026-06-29 14:07:26,2,CUST-NEW-0216,Ермаков Онуфрий Бориславович,+7 (831) 528-6631,ytarasov@gmail.com,Самара,Сайт (интернет-магазин),Ольга Кузнецова,Футболка базовая оверсайз,Одежда,1,1150,115,1035,Доставлен и оплачен,СБП
ORD-202606-0188,2026-06-30 00:45:40,2026-06-30 02:02:40,77,CUST-NEW-0188,Нонна Юрьевна Титова,+72107150088,konovalovfilaret@hotmail.com,Новосибирск,Розничный магазин (офлайн),Дмитрий Ковалев,Термокружка вакуумная 500мл,Товары для дома,5,850,0,4250,Передан в доставку,При получении
ORD-202606-0002,2026-06-30 05:23:26,2026-06-30 05:29:26,6,CUST-NEW-0002,Тимофеева Агафья Тимофеевна,+7 (337) 613-7867,judinaraisa@hotmail.com,Краснодар,Ozon,Онлайн-автоматизация,Кроссовки городские демисезон,Обувь,3,6150,0,18450,Доставлен и оплачен,Долями / Сплит
ORD-202606-0249,2026-06-30 12:26:47,2026-06-30 12:42:47,16,CUST-0007,Пестов Христофор Жоресович,8 519 192 94 30,ribakovtvorimir@yahoo.com,Казань,Сайт (интернет-магазин),Ольга Кузнецова,Пауэрбанк 20000 mAh FastCharge,Электроника,1,3100,310,2790,Доставлен и оплачен,При получении
ORD-202606-0229,2026-06-30 14:28:57,2026-06-30 14:41:57,13,CUST-NEW-0229,Надежда Наумовна Зуева,88876168660,kulakovanonna@mail.ru,Ростов-на-Дону,Сайт (интернет-магазин),Дмитрий Ковалев,Чехол для смартфона силиконовый,Аксессуары,1,550,28,522,Передан в доставку,СБП
ORD-202606-0121,2026-06-30 15:58:22,2026-06-30 16:20:22,22,CUST-NEW-0121,Зинаида Макаровна Жукова,+7 (650) 472-0143,feklasoboleva@yandex.ru,Екатеринбург,Розничный магазин (офлайн),Ольга Кузнецова,Чехол для смартфона силиконовый,Аксессуары,1,800,0,800,Доставлен и оплачен,Долями / Сплит
ORD-202606-0239,2026-06-30 22:55:28,2026-06-30 23:19:28,24,CUST-0078,Меркушев Симон Евсеевич,+7 (025) 878-88-14,arefi_1997@rambler.ru,Екатеринбург,Wildberries,Онлайн-автоматизация,Пауэрбанк 20000 mAh FastCharge,Электроника,2,3050,305,5795,Доставлен и оплачен,Безналичный расчет (юрлицо)
ORD-202607-0231,2026-07-01 02:11:46,2026-07-01 02:33:46,22,CUST-0066,Костина Евпраксия Святославовна,8 (668) 840-8315,elise_13@hotmail.com,Краснодар,Розничный магазин (офлайн),Дмитрий Ковалев,Рюкзак городской водонепроницаемый,Аксессуары,1,3600,180,3420,Доставлен и оплачен,Безналичный расчет (юрлицо)
ORD-202607-0224,2026-07-02 02:16:51,2026-07-02 04:23:51,127,CUST-NEW-0224,Осипова Евпраксия Юльевна,8 (035) 099-6509,longin_33@rambler.ru,Москва,Wildberries,Онлайн-автоматизация,Увлажнитель воздуха ультразвуковой,Товары для дома,1,2800,84,2716,Доставлен и оплачен,При получении
ORD-202607-0150,2026-07-02 03:16:51,2026-07-02 03:21:51,5,CUST-NEW-0150,Оксана Богдановна Крылова,8 (475) 665-05-01,elise_2017@yahoo.com,Ростов-на-Дону,Ozon,Онлайн-автоматизация,Термокружка вакуумная 500мл,Товары для дома,1,1450,44,1406,Доставлен и оплачен,При получении
ORD-202607-0003,2026-07-02 06:38:31,2026-07-02 07:00:31,22,CUST-NEW-0003,Вера Федоровна Васильева,8 (580) 887-26-28,georgi1990@yandex.ru,Ростов-на-Дону,Wildberries,Онлайн-автоматизация,Беспроводные наушники X-Sound Pro,Электроника,2,6900,690,13110,Доставлен и оплачен,Безналичный расчет (юрлицо)
ORD-202607-0142,2026-07-02 09:22:43,2026-07-02 09:24:43,2,CUST-0022,Кудрявцев Ладимир Юльевич,+7 (904) 702-49-86,ponomarevjakov@mail.ru,Екатеринбург,Wildberries,Онлайн-автоматизация,Термокружка вакуумная 500мл,Товары для дома,1,1450,0,1450,Ожидает оплаты,СБП
ORD-202607-0061,2026-07-02 17:00:57,2026-07-02 17:07:57,7,CUST-NEW-0061,Валентина Петровна Силина,8 (350) 267-7084,gorde_1983@yandex.ru,Нижний Новгород,Розничный магазин (офлайн),Онлайн-автоматизация,Кабель USB-C - Lightning нейлон 1.5м,Аксессуары,1,450,0,450,Отменен клиентом,Долями / Сплит
ORD-202607-0221,2026-07-03 01:46:42,2026-07-03 03:46:42,120,CUST-0023,Капитон Алексеевич Герасимов,+7 (758) 664-6720,silinatamara@yahoo.com,Екатеринбург,Wildberries,Онлайн-автоматизация,Защитное стекло Premium 9D,Аксессуары,1,600,0,600,Возврат,Банковская карта
ORD-202607-0091,2026-07-03 01:56:57,2026-07-03 02:21:57,25,CUST-NEW-0091,Евфросиния Оскаровна Шубина,+7 736 905 0787,gorshkovtrofim@hotmail.com,Новосибирск,VK Маркет,Ольга Кузнецова,Кроссовки городские демисезон,Обувь,2,8450,0,16900,Доставлен и оплачен,Долями / Сплит
ORD-202607-0086,2026-07-03 11:15:54,2026-07-03 11:18:54,3,CUST-NEW-0086,Субботин Парамон Гавриилович,8 550 857 28 94,tarasovantonin@yandex.ru,Екатеринбург,Wildberries,Онлайн-автоматизация,Беспроводные наушники X-Sound Pro,Электроника,2,4350,870,7830,Доставлен и оплачен,Банковская карта
ORD-202607-0181,2026-07-03 14:38:04,2026-07-03 14:59:04,21,CUST-NEW-0181,Виноградова Милица Дмитриевна,+72249697934,nonnasubbotina@gmail.com,Нижний Новгород,Розничный магазин (офлайн),Максим Романов,Кроссовки городские демисезон,Обувь,5,4300,0,21500,Передан в доставку,При получении
ORD-202607-0250,2026-07-03 16:56:47,2026-07-03 19:24:47,148,CUST-0018,Мишина Прасковья Кирилловна,+79139381087,evseevavasilisa@yahoo.com,Москва,Wildberries,Онлайн-автоматизация,Крем восстанавливающий SPF 50,Красота и уход,2,1100,66,2134,Доставлен и оплачен,Долями / Сплит
ORD-202607-0011,2026-07-05 06:12:16,2026-07-05 06:19:16,7,CUST-NEW-0011,Дарья Наумовна Селезнева,80737799913,petuhovilarion@yandex.ru,Самара,Розничный магазин (офлайн),Анна Смирнова,Защитное стекло Premium 9D,Аксессуары,3,700,0,2100,Передан в доставку,При получении
ORD-202607-0213,2026-07-05 09:50:51,2026-07-05 10:13:51,23,CUST-NEW-0213,Селиверст Еремеевич Сорокин,8 928 262 84 82,zhuravlevaemilija@hotmail.com,Екатеринбург,VK Маркет,Анна Смирнова,Кабель USB-C - Lightning нейлон 1.5м,Аксессуары,1,650,0,650,Передан в доставку,При получении
ORD-202607-0220,2026-07-05 12:44:41,2026-07-05 12:58:41,14,CUST-NEW-0220,Устинова Синклитикия Вячеславовна,+7 890 074 4362,vlas56@gmail.com,Краснодар,Авито,Анна Смирнова,Кроссовки городские демисезон,Обувь,1,7550,0,7550,Передан в доставку,При получении
ORD-202607-0066,2026-07-05 16:43:27,2026-07-05 16:51:27,8,CUST-0026,Наумов Сильвестр Денисович,8 (057) 589-55-72,david08@yahoo.com,Новосибирск,Ozon,Онлайн-автоматизация,Набор органической косметики CareSet,Красота и уход,2,2200,132,4268,Доставлен и оплачен,При получении
ORD-202607-0026,2026-07-05 20:01:49,2026-07-05 20:12:49,11,CUST-0049,Кулаков Мефодий Зиновьевич,+7 951 136 1718,margaritalukina@hotmail.com,Санкт-Петербург,Wildberries,Онлайн-автоматизация,Беспроводные наушники X-Sound Pro,Электроника,1,7250,725,6525,В обработке,Долями / Сплит
ORD-202607-0080,2026-07-06 18:58:56,2026-07-06 19:16:56,18,CUST-NEW-0080,Парамон Анисимович Давыдов,84384296406,ostromirkiselev@rambler.ru,Санкт-Петербург,Розничный магазин (офлайн),Дмитрий Ковалев,Кабель USB-C - Lightning нейлон 1.5м,Аксессуары,1,800,0,800,Доставлен и оплачен,Долями / Сплит
ORD-202607-0076,2026-07-06 21:22:12,2026-07-06 23:34:12,132,CUST-0001,Воробьева Наина Юльевна,80100399385,fomingavrila@yahoo.com,Екатеринбург,Wildberries,Онлайн-автоматизация,Светодиодная лампа с диммером,Товары для дома,1,2550,382,2168,Передан в доставку,СБП
ORD-202607-0187,2026-07-07 11:23:19,2026-07-07 11:47:19,24,CUST-0018,Мишина Прасковья Кирилловна,+79139381087,evseevavasilisa@yahoo.com,Москва,Ozon,Онлайн-автоматизация,Беспроводные наушники X-Sound Pro,Электроника,4,4100,492,15908,В обработке,Безналичный расчет (юрлицо)
ORD-202607-0203,2026-07-07 17:45:08,2026-07-07 18:06:08,21,CUST-NEW-0203,Меркушева Прасковья Харитоновна,+74019917611,alinapotapova@hotmail.com,Краснодар,Розничный магазин (офлайн),Максим Романов,Пауэрбанк 20000 mAh FastCharge,Электроника,1,3100,155,2945,Передан в доставку,Безналичный расчет (юрлицо)
ORD-202607-0039,2026-07-08 12:11:24,2026-07-08 12:31:24,20,CUST-0033,Степан Викторович Григорьев,+77120416856,blinovaksenija@mail.ru,Новосибирск,Сайт (интернет-магазин),Дмитрий Ковалев,Умные часы FitPulse Max,Электроника,1,10150,508,9642,Доставлен и оплачен,Долями / Сплит
ORD-202607-0238,2026-07-08 16:57:19,2026-07-08 17:18:19,21,CUST-NEW-0238,Зинаида Степановна Смирнова,8 385 467 34 03,seliverstvishnjakov@rambler.ru,Ростов-на-Дону,Авито,Елена Васильева,Крем восстанавливающий SPF 50,Красота и уход,1,1250,0,1250,Доставлен и оплачен,При получении
ORD-202607-0101,2026-07-08 17:31:59,2026-07-08 21:30:59,239,CUST-0009,Куприян Дорофеевич Горбачев,+71332557963,lazardorofeev@mail.ru,Казань,Розничный магазин (офлайн),Елена Васильева,Увлажнитель воздуха ультразвуковой,Товары для дома,1,4150,0,4150,Доставлен и оплачен,Безналичный расчет (юрлицо)
ORD-202607-0082,2026-07-08 22:37:42,2026-07-08 22:47:42,10,CUST-NEW-0082,Субботин Ипат Фёдорович,8 607 814 4807,vsevolod_1999@gmail.com,Екатеринбург,Сайт (интернет-магазин),Ольга Кузнецова,Увлажнитель воздуха ультразвуковой,Товары для дома,1,2250,0,2250,Доставлен и оплачен,СБП
ORD-202607-0127,2026-07-09 07:36:54,2026-07-09 07:43:54,7,CUST-NEW-0127,Будимир Марсович Дроздов,8 (106) 041-2328,vvinogradov@rambler.ru,Москва,VK Маркет,Ольга Кузнецова,Пауэрбанк 20000 mAh FastCharge,Электроника,1,3750,112,3638,Доставлен и оплачен,Банковская карта
ORD-202607-0160,2026-07-09 08:10:30,2026-07-09 08:25:30,15,CUST-NEW-0160,Терентьева Екатерина Егоровна,+7 (380) 524-91-22,julianpoljakov@rambler.ru,Москва,Сайт (интернет-магазин),Онлайн-автоматизация,Кабель USB-C - Lightning нейлон 1.5м,Аксессуары,2,1100,0,2200,Доставлен и оплачен,Безналичный расчет (юрлицо)
ORD-202607-0193,2026-07-10 03:19:58,2026-07-10 03:39:58,20,CUST-NEW-0193,Сорокина Милица Афанасьевна,8 (784) 448-9248,ustinovaviktorija@rambler.ru,Нижний Новгород,Розничный магазин (офлайн),Ольга Кузнецова,Защитное стекло Premium 9D,Аксессуары,4,550,330,1870,Возврат,При получении
ORD-202607-0043,2026-07-10 06:29:14,2026-07-10 06:47:14,18,CUST-0050,Спартак Владленович Блохин,8 (076) 780-26-09,sevastjan49@rambler.ru,Казань,Wildberries,Онлайн-автоматизация,Беспроводные наушники X-Sound Pro,Электроника,1,7150,1072,6078,Доставлен и оплачен,СБП
ORD-202607-0005,2026-07-10 15:04:29,2026-07-10 15:08:29,4,CUST-NEW-0005,Филиппова Милица Вячеславовна,8 404 944 07 72,klavdijazueva@rambler.ru,Екатеринбург,VK Маркет,Максим Романов,Увлажнитель воздуха ультразвуковой,Товары для дома,1,3600,0,3600,Доставлен и оплачен,При получении
ORD-202607-0019,2026-07-10 22:58:18,2026-07-11 01:21:18,143,CUST-0021,Матвей Ермолаевич Блинов,8 854 004 1939,fokamamontov@yahoo.com,Санкт-Петербург,Розничный магазин (офлайн),Анна Смирнова,Пауэрбанк 20000 mAh FastCharge,Электроника,1,2000,0,2000,Передан в доставку,Банковская карта
ORD-202607-0201,2026-07-11 08:28:29,2026-07-11 08:47:29,19,CUST-0018,Мишина Прасковья Кирилловна,+79139381087,evseevavasilisa@yahoo.com,Москва,Ozon,Онлайн-автоматизация,Беспроводные наушники X-Sound Pro,Электроника,1,7400,222,7178,Возврат,Безналичный расчет (юрлицо)
ORD-202607-0068,2026-07-11 08:56:52,2026-07-11 09:01:52,5,CUST-0063,Никифорова Евгения Федоровна,+7 (158) 733-35-84,vladimirovadarja@yandex.ru,Краснодар,Ozon,Онлайн-автоматизация,Набор органической косметики CareSet,Красота и уход,2,3550,0,7100,Доставлен и оплачен,Банковская карта
ORD-202607-0186,2026-07-11 14:07:18,2026-07-11 14:28:18,21,CUST-0055,Пономарева Анастасия Филипповна,8 (350) 699-93-23,anani_2026@gmail.com,Москва,Авито,Максим Романов,Рюкзак городской водонепроницаемый,Аксессуары,1,4350,0,4350,Доставлен и оплачен,СБП
ORD-202607-0031,2026-07-11 14:24:53,2026-07-11 14:28:53,4,CUST-0028,Самойлов Аким Венедиктович,8 (490) 055-0337,ernest_2008@hotmail.com,Самара,Авито,Онлайн-автоматизация,Пауэрбанк 20000 mAh FastCharge,Электроника,1,2750,82,2668,Ожидает оплаты,При получении
ORD-202607-0033,2026-07-11 16:04:06,2026-07-11 16:06:06,2,CUST-0050,Спартак Владленович Блохин,8 (076) 780-26-09,sevastjan49@rambler.ru,Казань,Авито,Максим Романов,Футболка базовая оверсайз,Одежда,1,1750,0,1750,Доставлен и оплачен,СБП
ORD-202607-0209,2026-07-12 08:26:22,2026-07-12 08:39:22,13,CUST-NEW-0209,Беспалова Виктория Ждановна,+73073652388,anike45@yandex.ru,Новосибирск,Ozon,Онлайн-автоматизация,Защитное стекло Premium 9D,Аксессуары,2,650,0,1300,Доставлен и оплачен,Безналичный расчет (юрлицо)
ORD-202607-0041,2026-07-12 20:17:48,2026-07-12 20:21:48,4,CUST-NEW-0041,Орлова Ульяна Семеновна,8 906 741 0853,oktjabrinabelozerova@hotmail.com,Москва,VK Маркет,Дмитрий Ковалев,Светодиодная лампа с диммером,Товары для дома,2,2350,235,4465,Доставлен и оплачен,При получении
ORD-202607-0210,2026-07-13 12:28:28,2026-07-13 12:34:28,6,CUST-0019,Гедеон Матвеевич Федоров,+7 (791) 643-67-33,muhinaagata@gmail.com,Краснодар,Сайт (интернет-магазин),Ольга Кузнецова,Светодиодная лампа с диммером,Товары для дома,1,1850,0,1850,Доставлен и оплачен,При получении
ORD-202607-0128,2026-07-14 01:59:41,2026-07-14 02:24:41,25,CUST-0023,Капитон Алексеевич Герасимов,+7 (758) 664-6720,silinatamara@yahoo.com,Екатеринбург,Сайт (интернет-магазин),Анна Смирнова,Рюкзак городской водонепроницаемый,Аксессуары,2,4600,0,9200,Доставлен и оплачен,СБП
ORD-202607-0097,2026-07-14 08:05:14,2026-07-14 08:18:14,13,CUST-NEW-0097,Рогов Святослав Филимонович,+75210147093,antonin_2024@hotmail.com,Нижний Новгород,Ozon,Онлайн-автоматизация,Худи оверсайз хлопок,Одежда,1,3700,185,3515,Доставлен и оплачен,Банковская карта
ORD-202607-0138,2026-07-14 19:14:31,2026-07-14 19:26:31,12,CUST-0081,Фаина Вячеславовна Пахомова,+7 150 221 3601,lvishnjakova@yahoo.com,Санкт-Петербург,VK Маркет,Ольга Кузнецова,Футболка базовая оверсайз,Одежда,4,900,108,3492,В обработке,Безналичный расчет (юрлицо)
ORD-202607-0162,2026-07-15 10:25:39,2026-07-15 10:48:39,23,CUST-NEW-0162,Фаина Павловна Никифорова,87119004708,konstantinovaalevtina@yahoo.com,Екатеринбург,VK Маркет,Максим Романов,Пауэрбанк 20000 mAh FastCharge,Электроника,1,3850,0,3850,В обработке,СБП
ORD-202607-0110,2026-07-15 14:31:10,2026-07-15 14:34:10,3,CUST-NEW-0110,Анжела Андреевна Матвеева,8 (777) 936-5533,filimon61@yandex.ru,Москва,VK Маркет,Дмитрий Ковалев,Умные часы FitPulse Max,Электроника,1,11750,1175,10575,Доставлен и оплачен,Банковская карта
ORD-202607-0032,2026-07-15 17:22:27,2026-07-15 17:29:27,7,CUST-NEW-0032,Иван Харламович Шестаков,8 201 866 9438,sevastjanmishin@gmail.com,Екатеринбург,Сайт (интернет-магазин),Дмитрий Ковалев,Беспроводные наушники X-Sound Pro,Электроника,2,6900,690,13110,Доставлен и оплачен,Банковская карта
ORD-202607-0079,2026-07-15 17:59:46,2026-07-15 18:15:46,16,CUST-NEW-0079,Алина Рубеновна Кондратьева,+7 (477) 125-8102,emilijasidorova@rambler.ru,Новосибирск,Wildberries,Онлайн-автоматизация,Увлажнитель воздуха ультразвуковой,Товары для дома,1,4400,0,4400,Доставлен и оплачен,Банковская карта
ORD-202607-0073,2026-07-15 22:57:08,2026-07-15 23:07:08,10,CUST-0082,Кондрат Андреевич Мишин,8 (248) 662-0284,evlampibeljakov@hotmail.com,Казань,Wildberries,Онлайн-автоматизация,Рюкзак городской водонепроницаемый,Аксессуары,2,2650,265,5035,В обработке,Безналичный расчет (юрлицо)
ORD-202607-0143,2026-07-16 01:20:34,2026-07-16 01:40:34,20,CUST-NEW-0143,Ольга Феликсовна Воронова,86777077154,afanasi_2004@mail.ru,Новосибирск,Сайт (интернет-магазин),Онлайн-автоматизация,Умные часы FitPulse Max,Электроника,1,8500,255,8245,Доставлен и оплачен,Банковская карта
ORD-202607-0060,2026-07-16 09:04:10,2026-07-16 11:38:10,154,CUST-NEW-0060,Щукин Василий Димитриевич,8 (726) 624-8349,bronislav2025@yahoo.com,Ростов-на-Дону,Авито,Дмитрий Ковалев,Кроссовки городские демисезон,Обувь,1,8650,0,8650,Доставлен и оплачен,СБП
ORD-202607-0027,2026-07-16 21:22:23,2026-07-16 21:46:23,24,CUST-NEW-0027,Маргарита Болеславовна Орехова,+72050281330,ippolit_58@yandex.ru,Нижний Новгород,VK Маркет,Анна Смирнова,Худи оверсайз хлопок,Одежда,2,4300,0,8600,В обработке,Долями / Сплит
ORD-202607-0088,2026-07-17 03:51:35,2026-07-17 04:02:35,11,CUST-0002,Пелагея Викторовна Тетерина,+7 827 342 2120,igortrofimov@hotmail.com,Казань,VK Маркет,Онлайн-автоматизация,Рюкзак городской водонепроницаемый,Аксессуары,1,2500,0,2500,Возврат,Долями / Сплит
ORD-202607-0004,2026-07-17 12:58:52,2026-07-17 13:46:52,48,CUST-NEW-0004,Андреева Лариса Захаровна,8 252 972 3693,ksenijakovaleva@hotmail.com,Екатеринбург,VK Маркет,Максим Романов,Светодиодная лампа с диммером,Товары для дома,2,2200,132,4268,Возврат,Безналичный расчет (юрлицо)
ORD-202607-0077,2026-07-18 20:52:14,2026-07-19 00:02:14,190,CUST-NEW-0077,Ульяна Романовна Елисеева,+7 537 605 17 05,vseslavsisoev@yandex.ru,Санкт-Петербург,Wildberries,Онлайн-автоматизация,Беспроводные наушники X-Sound Pro,Электроника,2,5200,1040,9360,Доставлен и оплачен,При получении
ORD-202607-0023,2026-07-20 17:30:39,2026-07-20 17:54:39,24,CUST-0055,Пономарева Анастасия Филипповна,8 (350) 699-93-23,anani_2026@gmail.com,Москва,Розничный магазин (офлайн),Ольга Кузнецова,Чехол для смартфона силиконовый,Аксессуары,5,350,52,1698,Доставлен и оплачен,Долями / Сплит
ORD-202607-0184,2026-07-20 21:10:55,2026-07-20 22:51:55,101,CUST-NEW-0184,Исаков Модест Харлампьевич,8 968 744 7401,molchanovafevronija@hotmail.com,Санкт-Петербург,Розничный магазин (офлайн),Елена Васильева,Чехол для смартфона силиконовый,Аксессуары,2,550,0,1100,Доставлен и оплачен,При получении
ORD-202607-0227,2026-07-21 07:00:37,2026-07-21 07:12:37,12,CUST-0015,Дарья Борисовна Молчанова,+7 (997) 847-57-61,ijasharapova@rambler.ru,Казань,Wildberries,Онлайн-автоматизация,Футболка базовая оверсайз,Одежда,1,1550,0,1550,Доставлен и оплачен,Банковская карта
ORD-202607-0225,2026-07-22 06:27:59,2026-07-22 06:43:59,16,CUST-0018,Мишина Прасковья Кирилловна,+79139381087,evseevavasilisa@yahoo.com,Москва,Авито,Максим Романов,Светодиодная лампа с диммером,Товары для дома,1,1550,0,1550,Отменен клиентом,Банковская карта
ORD-202607-0246,2026-07-23 06:29:37,2026-07-23 06:53:37,24,CUST-0012,Всеволод Владиславович Белозеров,8 (800) 550-82-46,gerasim2017@rambler.ru,Краснодар,Wildberries,Онлайн-автоматизация,Увлажнитель воздуха ультразвуковой,Товары для дома,1,3650,110,3540,Передан в доставку,Долями / Сплит
ORD-202607-0052,2026-07-23 07:29:59,2026-07-23 07:53:59,24,CUST-NEW-0052,Вероника Альбертовна Шарова,+7 816 876 41 10,lobanovleon@yahoo.com,Москва,VK Маркет,Онлайн-автоматизация,Футболка базовая оверсайз,Одежда,1,1900,0,1900,Доставлен и оплачен,Долями / Сплит
ORD-202607-0099,2026-07-23 09:11:36,2026-07-23 09:13:36,2,CUST-NEW-0099,Андрей Валерианович Яковлев,8 (188) 236-33-69,jan_09@yandex.ru,Самара,VK Маркет,Дмитрий Ковалев,Умные часы FitPulse Max,Электроника,1,9100,273,8827,Доставлен и оплачен,Долями / Сплит
ORD-202607-0228,2026-07-24 03:38:34,2026-07-24 03:55:34,17,CUST-0070,Модест Артурович Гусев,8 066 417 9459,harlampi_70@mail.ru,Санкт-Петербург,Wildberries,Онлайн-автоматизация,Набор органической косметики CareSet,Красота и уход,1,2600,0,2600,Доставлен и оплачен,Банковская карта
ORD-202607-0171,2026-07-24 06:05:26,2026-07-24 09:34:26,209,CUST-0081,Фаина Вячеславовна Пахомова,+7 150 221 3601,lvishnjakova@yahoo.com,Санкт-Петербург,Ozon,Онлайн-автоматизация,Умные часы FitPulse Max,Электроника,1,8300,0,8300,Ожидает оплаты,Безналичный расчет (юрлицо)
ORD-202607-0148,2026-07-25 13:10:01,2026-07-25 13:16:01,6,CUST-0011,Сидор Измаилович Елисеев,+78633334850,sinklitikijanikolaeva@gmail.com,Новосибирск,VK Маркет,Дмитрий Ковалев,Набор органической косметики CareSet,Красота и уход,1,3600,180,3420,Доставлен и оплачен,Долями / Сплит
ORD-202607-0222,2026-07-25 16:08:05,2026-07-25 16:16:05,8,CUST-NEW-0222,Агата Ефимовна Лазарева,8 808 896 98 29,gremislav1970@yandex.ru,Нижний Новгород,Авито,Елена Васильева,Кабель USB-C - Lightning нейлон 1.5м,Аксессуары,1,800,0,800,Доставлен и оплачен,Безналичный расчет (юрлицо)
ORD-202607-0157,2026-07-25 17:04:26,2026-07-25 17:10:26,6,CUST-0020,Глафира Васильевна Самсонова,8 (316) 562-4652,german_1976@yahoo.com,Екатеринбург,Розничный магазин (офлайн),Дмитрий Ковалев,Кроссовки городские демисезон,Обувь,1,6300,315,5985,Доставлен и оплачен,Безналичный расчет (юрлицо)
ORD-202607-0151,2026-07-25 23:34:10,2026-07-25 23:46:10,12,CUST-NEW-0151,Чернов Моисей Изотович,8 233 738 78 78,bikovfedosi@yahoo.com,Новосибирск,Wildberries,Онлайн-автоматизация,Защитное стекло Premium 9D,Аксессуары,3,300,45,855,Отменен клиентом,При получении
ORD-202607-0235,2026-07-26 02:33:41,2026-07-26 02:40:41,7,CUST-0071,Казимир Арсенович Шашков,80609542383,savvati69@hotmail.com,Новосибирск,Wildberries,Онлайн-автоматизация,Пауэрбанк 20000 mAh FastCharge,Электроника,2,2250,0,4500,В обработке,При получении
ORD-202607-0081,2026-07-26 14:34:15,2026-07-26 18:02:15,208,CUST-NEW-0081,Козлова Варвара Филипповна,+76959818073,julijabaranova@gmail.com,Москва,Ozon,Онлайн-автоматизация,Футболка базовая оверсайз,Одежда,1,1450,0,1450,Возврат,СБП
ORD-202607-0208,2026-07-26 18:21:00,2026-07-26 18:23:00,2,CUST-NEW-0208,Платон Феликсович Зуев,+7 (138) 198-1705,jnoskova@hotmail.com,Нижний Новгород,Авито,Анна Смирнова,Чехол для смартфона силиконовый,Аксессуары,1,650,20,630,Отменен клиентом,Безналичный расчет (юрлицо)
ORD-202607-0129,2026-07-27 00:45:04,2026-07-27 00:51:04,6,CUST-NEW-0129,Прасковья Юрьевна Ширяева,8 (276) 539-47-44,ozimina@gmail.com,Екатеринбург,Wildberries,Онлайн-автоматизация,Светодиодная лампа с диммером,Товары для дома,1,2850,0,2850,Доставлен и оплачен,При получении
ORD-202607-0126,2026-07-27 02:39:13,2026-07-27 04:50:13,131,CUST-0030,Гусев Наркис Дмитриевич,+79741149193,bogdanovaregina@hotmail.com,Казань,Wildberries,Онлайн-автоматизация,Увлажнитель воздуха ультразвуковой,Товары для дома,1,3450,0,3450,В обработке,СБП
ORD-202607-0001,2026-07-28 02:19:02,2026-07-28 02:39:02,20,CUST-0036,Мельников Поликарп Трофимович,89840772267,svjatopolk_1998@yandex.ru,Казань,Авито,Ольга Кузнецова,Футболка базовая оверсайз,Одежда,1,1600,48,1552,Отменен клиентом,Долями / Сплит
ORD-202607-0131,2026-07-28 06:47:12,2026-07-28 06:57:12,10,CUST-NEW-0131,Пелагея Николаевна Дорофеева,+77980957643,shestakovaveronika@yahoo.com,Краснодар,Wildberries,Онлайн-автоматизация,Кроссовки городские демисезон,Обувь,1,6600,0,6600,Доставлен и оплачен,СБП
ORD-202607-0054,2026-07-28 09:52:17,2026-07-28 10:13:17,21,CUST-0034,Муравьев Макар Филиппович,8 852 821 86 23,luchezarsilin@mail.ru,Краснодар,Авито,Максим Романов,Кабель USB-C - Lightning нейлон 1.5м,Аксессуары,1,500,0,500,Доставлен и оплачен,Банковская карта
ORD-202607-0183,2026-07-28 18:52:37,2026-07-28 18:57:37,5,CUST-NEW-0183,Исаева Анжела Кузьминична,8 042 614 39 16,lukija2011@yahoo.com,Екатеринбург,Розничный магазин (офлайн),Анна Смирнова,Умные часы FitPulse Max,Электроника,1,5400,0,5400,Доставлен и оплачен,При получении
ORD-202607-0069,2026-07-28 22:25:58,2026-07-29 01:18:58,173,CUST-0038,Суханов Петр Адрианович,8 978 302 0843,bobrovaija@yahoo.com,Санкт-Петербург,Авито,Максим Романов,Термокружка вакуумная 500мл,Товары для дома,2,1000,0,2000,В обработке,Банковская карта
ORD-202607-0137,2026-07-29 14:31:27,2026-07-29 14:41:27,10,CUST-NEW-0137,Демид Геннадиевич Калинин,8 (687) 790-7880,agafjastepanova@gmail.com,Самара,Розничный магазин (офлайн),Максим Романов,Футболка базовая оверсайз,Одежда,1,1600,0,1600,Возврат,Долями / Сплит
ORD-202607-0029,2026-07-29 22:07:38,2026-07-29 22:28:38,21,CUST-NEW-0029,Акулина Романовна Юдина,8 (899) 757-8182,vasilevvisheslav@rambler.ru,Новосибирск,Wildberries,Онлайн-автоматизация,Термокружка вакуумная 500мл,Товары для дома,1,1000,0,1000,Отменен клиентом,Безналичный расчет (юрлицо)
ORD-202607-0118,2026-07-31 05:06:49,2026-07-31 05:19:49,13,CUST-0083,Пестова Лукия Оскаровна,+7 528 286 00 21,galaktion_07@mail.ru,Новосибирск,VK Маркет,Дмитрий Ковалев,Худи оверсайз хлопок,Одежда,2,4750,0,9500,Доставлен и оплачен,При получении
ORD-202607-0134,2026-07-31 09:42:02,2026-07-31 09:46:02,4,CUST-0074,Милица Николаевна Сидорова,+7 (632) 440-36-17,sinklitikija_2003@mail.ru,Краснодар,Ozon,Онлайн-автоматизация,Пауэрбанк 20000 mAh FastCharge,Электроника,2,3200,0,6400,Доставлен и оплачен,При получении
ORD-202607-0141,2026-07-31 16:10:10,2026-07-31 16:14:10,4,CUST-NEW-0141,Ангелина Ефимовна Макарова,89380083036,wshashkov@rambler.ru,Нижний Новгород,VK Маркет,Дмитрий Ковалев,Защитное стекло Premium 9D,Аксессуары,2,700,0,1400,Доставлен и оплачен,При получении
ORD-202608-0050,2026-08-01 11:51:22,2026-08-01 14:46:22,175,CUST-NEW-0050,Захарова Ираида Ниловна,87387524303,danila1994@yandex.ru,Новосибирск,Сайт (интернет-магазин),Максим Романов,Кабель USB-C - Lightning нейлон 1.5м,Аксессуары,1,450,22,428,Доставлен и оплачен,Безналичный расчет (юрлицо)
ORD-202608-0015,2026-08-01 19:09:19,2026-08-01 19:21:19,12,CUST-NEW-0015,Никитин Эдуард Иларионович,8 681 226 2975,zaharovarseni@gmail.com,Санкт-Петербург,Ozon,Онлайн-автоматизация,Кроссовки городские демисезон,Обувь,1,7800,390,7410,Доставлен и оплачен,СБП
ORD-202608-0024,2026-08-02 02:10:36,2026-08-02 02:28:36,18,CUST-0049,Кулаков Мефодий Зиновьевич,+7 951 136 1718,margaritalukina@hotmail.com,Санкт-Петербург,Ozon,Онлайн-автоматизация,Худи оверсайз хлопок,Одежда,2,3500,0,7000,Доставлен и оплачен,При получении
ORD-202608-0059,2026-08-02 23:24:04,2026-08-03 00:42:04,78,CUST-0010,Смирнова Нинель Аскольдовна,8 546 169 09 60,fominspartak@hotmail.com,Ростов-на-Дону,Розничный магазин (офлайн),Ольга Кузнецова,Беспроводные наушники X-Sound Pro,Электроника,1,6300,189,6111,Передан в доставку,Безналичный расчет (юрлицо)
ORD-202608-0075,2026-08-03 01:14:35,2026-08-03 01:28:35,14,CUST-NEW-0075,Шилов Зиновий Филимонович,8 439 379 30 92,petrovfedosi@gmail.com,Санкт-Петербург,Ozon,Онлайн-автоматизация,Худи оверсайз хлопок,Одежда,2,3600,360,6840,Доставлен и оплачен,СБП
ORD-202608-0123,2026-08-03 06:36:03,2026-08-03 06:58:03,22,CUST-0061,Зинаида Андреевна Мухина,8 (201) 699-77-19,praskovjaershova@yahoo.com,Новосибирск,VK Маркет,Онлайн-автоматизация,Светодиодная лампа с диммером,Товары для дома,2,2200,0,4400,Доставлен и оплачен,Долями / Сплит
ORD-202608-0008,2026-08-03 15:14:10,2026-08-03 15:20:10,6,CUST-0054,Давыд Ермолаевич Потапов,+7 842 790 8184,valentin_00@rambler.ru,Москва,Авито,Елена Васильева,Худи оверсайз хлопок,Одежда,1,2850,86,2764,Доставлен и оплачен,Безналичный расчет (юрлицо)
ORD-202608-0053,2026-08-03 16:31:39,2026-08-03 18:53:39,142,CUST-NEW-0053,Русакова Кира Яковлевна,8 (185) 311-22-45,angelinakotova@rambler.ru,Краснодар,Wildberries,Онлайн-автоматизация,Кроссовки городские демисезон,Обувь,1,8650,0,8650,Передан в доставку,При получении
ORD-202608-0119,2026-08-04 02:01:12,2026-08-04 02:16:12,15,CUST-NEW-0119,Валерия Борисовна Гущина,8 909 191 79 74,dtarasova@gmail.com,Санкт-Петербург,Розничный магазин (офлайн),Анна Смирнова,Худи оверсайз хлопок,Одежда,1,4200,0,4200,Доставлен и оплачен,Долями / Сплит
ORD-202608-0185,2026-08-04 07:48:05,2026-08-04 08:08:05,20,CUST-NEW-0185,Марков Спиридон Фёдорович,8 866 269 9957,demjansafonov@yandex.ru,Санкт-Петербург,Ozon,Онлайн-автоматизация,Светодиодная лампа с диммером,Товары для дома,1,1300,0,1300,Доставлен и оплачен,Банковская карта
ORD-202608-0078,2026-08-04 12:28:17,2026-08-04 12:39:17,11,CUST-NEW-0078,Соломон Владиленович Дьячков,+7 812 158 29 09,marian1987@rambler.ru,Новосибирск,Авито,Анна Смирнова,Беспроводные наушники X-Sound Pro,Электроника,1,6600,0,6600,Доставлен и оплачен,СБП
ORD-202608-0044,2026-08-04 18:41:59,2026-08-04 18:49:59,8,CUST-0033,Степан Викторович Григорьев,+77120416856,blinovaksenija@mail.ru,Новосибирск,Сайт (интернет-магазин),Анна Смирнова,Кабель USB-C - Lightning нейлон 1.5м,Аксессуары,1,1000,0,1000,Отменен клиентом,Долями / Сплит
ORD-202608-0182,2026-08-05 01:03:59,2026-08-05 04:26:59,203,CUST-NEW-0182,Никандр Абрамович Козлов,+7 953 579 17 04,knjazevgrigori@mail.ru,Ростов-на-Дону,Wildberries,Онлайн-автоматизация,Худи оверсайз хлопок,Одежда,1,4500,0,4500,Возврат,Безналичный расчет (юрлицо)
ORD-202608-0064,2026-08-05 05:30:03,2026-08-05 08:45:03,195,CUST-NEW-0064,Полина Анатольевна Борисова,+7 (453) 782-3009,valerjangavrilov@yandex.ru,Санкт-Петербург,Розничный магазин (офлайн),Анна Смирнова,Кабель USB-C - Lightning нейлон 1.5м,Аксессуары,2,600,60,1140,Ожидает оплаты,Безналичный расчет (юрлицо)
ORD-202608-0012,2026-08-05 08:41:14,2026-08-05 09:03:14,22,CUST-NEW-0012,Иларион Демидович Брагин,+75799560651,januari_1973@mail.ru,Санкт-Петербург,Ozon,Онлайн-автоматизация,Умные часы FitPulse Max,Электроника,3,5150,0,15450,Доставлен и оплачен,СБП
ORD-202608-0009,2026-08-05 22:40:27,2026-08-05 22:59:27,19,CUST-NEW-0009,Беляева Ираида Львовна,8 (778) 869-83-24,danila_72@hotmail.com,Москва,Розничный магазин (офлайн),Максим Романов,Набор органической косметики CareSet,Красота и уход,1,3200,0,3200,Доставлен и оплачен,СБП
ORD-202608-0096,2026-08-06 19:00:17,2026-08-06 22:57:17,237,CUST-NEW-0096,Еремей Валерьевич Мартынов,8 (103) 331-5317,ivandenisov@rambler.ru,Самара,Розничный магазин (офлайн),Ольга Кузнецова,Пауэрбанк 20000 mAh FastCharge,Электроника,2,3900,234,7566,Доставлен и оплачен,Банковская карта
ORD-202608-0189,2026-08-07 22:42:25,2026-08-07 22:59:25,17,CUST-0007,Пестов Христофор Жоресович,8 519 192 94 30,ribakovtvorimir@yahoo.com,Казань,Авито,Ольга Кузнецова,Пауэрбанк 20000 mAh FastCharge,Электроника,1,2800,0,2800,В обработке,Безналичный расчет (юрлицо)
ORD-202608-0167,2026-08-08 00:21:36,2026-08-08 00:44:36,23,CUST-NEW-0167,Авксентий Эдуардович Мишин,8 (323) 951-43-74,semenovauljana@yandex.ru,Краснодар,Wildberries,Онлайн-автоматизация,Пауэрбанк 20000 mAh FastCharge,Электроника,3,3600,540,10260,Отменен клиентом,СБП
ORD-202608-0072,2026-08-09 09:05:15,2026-08-09 09:26:15,21,CUST-0038,Суханов Петр Адрианович,8 978 302 0843,bobrovaija@yahoo.com,Санкт-Петербург,Сайт (интернет-магазин),Елена Васильева,Кроссовки городские демисезон,Обувь,2,7850,0,15700,Отменен клиентом,СБП
ORD-202608-0192,2026-08-09 19:31:28,2026-08-09 19:56:28,25,CUST-NEW-0192,Ия Аркадьевна Калашникова,8 687 603 0283,veronikaaksenova@hotmail.com,Краснодар,Ozon,Онлайн-автоматизация,Чехол для смартфона силиконовый,Аксессуары,1,450,0,450,Доставлен и оплачен,Долями / Сплит
ORD-202608-0094,2026-08-10 04:42:23,2026-08-10 04:53:23,11,CUST-NEW-0094,Кошелев Кирилл Анисимович,+7 (712) 342-2494,praskovjaharitonova@yahoo.com,Казань,Ozon,Онлайн-автоматизация,Термокружка вакуумная 500мл,Товары для дома,1,1100,33,1067,Доставлен и оплачен,При получении
ORD-202608-0098,2026-08-10 06:40:46,2026-08-10 06:58:46,18,CUST-0007,Пестов Христофор Жоресович,8 519 192 94 30,ribakovtvorimir@yahoo.com,Казань,Сайт (интернет-магазин),Максим Романов,Умные часы FitPulse Max,Электроника,3,9200,0,27600,Доставлен и оплачен,При получении
ORD-202608-0172,2026-08-10 21:37:05,2026-08-10 22:31:05,54,CUST-NEW-0172,Ираида Дмитриевна Рожкова,8 113 316 4344,olimpiada92@yandex.ru,Новосибирск,Розничный магазин (офлайн),Дмитрий Ковалев,Защитное стекло Premium 9D,Аксессуары,2,550,33,1067,Доставлен и оплачен,При получении
ORD-202608-0065,2026-08-11 18:56:27,2026-08-11 19:07:27,11,CUST-NEW-0065,Блохин Харлампий Филиппович,+7 992 648 3806,florentin_2025@gmail.com,Москва,Wildberries,Онлайн-автоматизация,Крем восстанавливающий SPF 50,Красота и уход,1,1000,0,1000,Передан в доставку,Безналичный расчет (юрлицо)
ORD-202608-0140,2026-08-11 20:17:52,2026-08-11 20:32:52,15,CUST-0046,Вышеслав Ефремович Матвеев,8 (698) 423-0035,lobanovevse@hotmail.com,Казань,Wildberries,Онлайн-автоматизация,Крем восстанавливающий SPF 50,Красота и уход,1,1650,0,1650,Доставлен и оплачен,СБП
ORD-202608-0146,2026-08-12 06:11:24,2026-08-12 06:22:24,11,CUST-NEW-0146,Ратмир Харламович Богданов,+7 618 729 69 58,grigorevkasjan@rambler.ru,Казань,Авито,Дмитрий Ковалев,Худи оверсайз хлопок,Одежда,1,3750,0,3750,Доставлен и оплачен,При получении
ORD-202608-0152,2026-08-12 13:54:46,2026-08-12 13:56:46,2,CUST-NEW-0152,Прасковья Святославовна Бобылева,8 462 850 73 00,rozhkovaolimpiada@hotmail.com,Казань,VK Маркет,Дмитрий Ковалев,Пауэрбанк 20000 mAh FastCharge,Электроника,2,2600,260,4940,Доставлен и оплачен,Безналичный расчет (юрлицо)
ORD-202608-0106,2026-08-13 08:18:18,2026-08-13 08:26:18,8,CUST-0017,Белова Любовь Тимофеевна,+7 644 372 94 36,juvenalivladimirov@mail.ru,Нижний Новгород,VK Маркет,Максим Романов,Термокружка вакуумная 500мл,Товары для дома,2,1150,345,1955,В обработке,Безналичный расчет (юрлицо)
ORD-202608-0199,2026-08-13 21:58:38,2026-08-13 22:09:38,11,CUST-NEW-0199,Киселева Евгения Кирилловна,8 (789) 314-8647,drozhkova@mail.ru,Нижний Новгород,Сайт (интернет-магазин),Дмитрий Ковалев,Кабель USB-C - Lightning нейлон 1.5м,Аксессуары,1,600,30,570,Доставлен и оплачен,При получении
ORD-202608-0042,2026-08-14 10:26:58,2026-08-14 13:52:58,206,CUST-0007,Пестов Христофор Жоресович,8 519 192 94 30,ribakovtvorimir@yahoo.com,Казань,Сайт (интернет-магазин),Максим Романов,Набор органической косметики CareSet,Красота и уход,1,3100,155,2945,Доставлен и оплачен,СБП
ORD-202608-0204,2026-08-14 11:14:26,2026-08-14 11:27:26,13,CUST-NEW-0204,Мартын Глебович Петров,81725234292,gremislav1974@yandex.ru,Москва,Сайт (интернет-магазин),Елена Васильева,Умные часы FitPulse Max,Электроника,2,11450,0,22900,Доставлен и оплачен,При получении
ORD-202608-0170,2026-08-15 03:12:45,2026-08-15 03:27:45,15,CUST-NEW-0170,Антип Ефимьевич Громов,+72933309196,marianbolshakov@yandex.ru,Новосибирск,Сайт (интернет-магазин),Максим Романов,Рюкзак городской водонепроницаемый,Аксессуары,1,2900,145,2755,Доставлен и оплачен,Безналичный расчет (юрлицо)
ORD-202608-0063,2026-08-15 07:00:32,2026-08-15 09:01:32,121,CUST-0076,Полякова Валентина Леоновна,8 913 661 0077,danilovapraskovja@hotmail.com,Краснодар,Wildberries,Онлайн-автоматизация,Футболка базовая оверсайз,Одежда,1,1450,72,1378,Доставлен и оплачен,Безналичный расчет (юрлицо)
ORD-202608-0165,2026-08-15 12:34:12,2026-08-15 12:38:12,4,CUST-NEW-0165,Ершов Илья Эдгардович,+7 (558) 104-2959,vrjabova@hotmail.com,Екатеринбург,Авито,Максим Романов,Увлажнитель воздуха ультразвуковой,Товары для дома,1,2800,84,2716,Доставлен и оплачен,Банковская карта
ORD-202608-0057,2026-08-15 17:36:20,2026-08-15 17:53:20,17,CUST-NEW-0057,Виктория Павловна Трофимова,8 985 032 6803,tvorimir1977@yandex.ru,Новосибирск,VK Маркет,Анна Смирнова,Рюкзак городской водонепроницаемый,Аксессуары,1,4550,136,4414,Передан в доставку,Безналичный расчет (юрлицо)
ORD-202608-0036,2026-08-16 16:52:27,2026-08-16 17:04:27,12,CUST-0001,Воробьева Наина Юльевна,80100399385,fomingavrila@yahoo.com,Екатеринбург,Авито,Ольга Кузнецова,Рюкзак городской водонепроницаемый,Аксессуары,1,3350,0,3350,Доставлен и оплачен,Долями / Сплит
ORD-202608-0237,2026-08-16 19:42:33,2026-08-16 22:01:33,139,CUST-NEW-0237,Бобылев Софрон Игнатьевич,+7 191 851 5340,aleksandra1977@yahoo.com,Санкт-Петербург,Ozon,Онлайн-автоматизация,Набор органической косметики CareSet,Красота и уход,2,1700,510,2890,В обработке,При получении
ORD-202608-0109,2026-08-17 09:18:33,2026-08-17 12:06:33,168,CUST-0032,Кабанова Варвара Мироновна,8 767 918 9943,ykapustin@yahoo.com,Екатеринбург,Сайт (интернет-магазин),Ольга Кузнецова,Рюкзак городской водонепроницаемый,Аксессуары,1,5450,545,4905,Отменен клиентом,Безналичный расчет (юрлицо)
ORD-202608-0035,2026-08-17 15:41:56,2026-08-17 15:45:56,4,CUST-0050,Спартак Владленович Блохин,8 (076) 780-26-09,sevastjan49@rambler.ru,Казань,Авито,Елена Васильева,Рюкзак городской водонепроницаемый,Аксессуары,1,4850,0,4850,Доставлен и оплачен,Безналичный расчет (юрлицо)
ORD-202608-0071,2026-08-17 19:58:30,2026-08-17 20:11:30,13,CUST-NEW-0071,Самсон Евсеевич Герасимов,8 (234) 055-03-78,parfen_2003@rambler.ru,Екатеринбург,Розничный магазин (офлайн),Анна Смирнова,Пауэрбанк 20000 mAh FastCharge,Электроника,1,1800,54,1746,Доставлен и оплачен,СБП
ORD-202608-0013,2026-08-17 20:54:28,2026-08-17 21:10:28,16,CUST-0070,Модест Артурович Гусев,8 066 417 9459,harlampi_70@mail.ru,Санкт-Петербург,VK Маркет,Максим Романов,Пауэрбанк 20000 mAh FastCharge,Электроника,1,2300,0,2300,Доставлен и оплачен,Безналичный расчет (юрлицо)
ORD-202608-0108,2026-08-17 23:33:19,2026-08-17 23:56:19,23,CUST-NEW-0108,Ксения Даниловна Петухова,+7 390 294 5794,zojasidorova@yahoo.com,Ростов-на-Дону,Wildberries,Онлайн-автоматизация,Беспроводные наушники X-Sound Pro,Электроника,1,3800,0,3800,Ожидает оплаты,При получении
ORD-202608-0084,2026-08-18 15:02:20,2026-08-18 15:59:20,57,CUST-NEW-0084,Епифан Даниилович Рогов,85471780866,evpraksijafedotova@hotmail.com,Новосибирск,VK Маркет,Максим Романов,Футболка базовая оверсайз,Одежда,2,1600,160,3040,В обработке,При получении
ORD-202608-0030,2026-08-18 21:19:07,2026-08-18 21:44:07,25,CUST-NEW-0030,Павлов Авксентий Ефстафьевич,8 (131) 842-03-74,valerija_2004@rambler.ru,Ростов-на-Дону,Авито,Ольга Кузнецова,Термокружка вакуумная 500мл,Товары для дома,2,1000,300,1700,Доставлен и оплачен,Безналичный расчет (юрлицо)
ORD-202608-0090,2026-08-19 00:59:23,2026-08-19 01:02:23,3,CUST-0046,Вышеслав Ефремович Матвеев,8 (698) 423-0035,lobanovevse@hotmail.com,Казань,Розничный магазин (офлайн),Онлайн-автоматизация,Термокружка вакуумная 500мл,Товары для дома,1,1850,56,1794,Доставлен и оплачен,Безналичный расчет (юрлицо)
ORD-202608-0102,2026-08-19 05:07:39,2026-08-19 05:15:39,8,CUST-0048,Ксения Васильевна Логинова,8 476 164 34 22,yantonova@gmail.com,Москва,Ozon,Онлайн-автоматизация,Защитное стекло Premium 9D,Аксессуары,2,650,0,1300,Ожидает оплаты,При получении
ORD-202608-0236,2026-08-19 10:43:22,2026-08-19 11:08:22,25,CUST-0056,Власов Игорь Елизарович,+7 984 949 01 11,samson39@hotmail.com,Ростов-на-Дону,Авито,Анна Смирнова,Увлажнитель воздуха ультразвуковой,Товары для дома,1,2800,0,2800,Доставлен и оплачен,Долями / Сплит
ORD-202608-0177,2026-08-19 17:39:15,2026-08-19 17:45:15,6,CUST-0010,Смирнова Нинель Аскольдовна,8 546 169 09 60,fominspartak@hotmail.com,Ростов-на-Дону,Ozon,Онлайн-автоматизация,Худи оверсайз хлопок,Одежда,1,3100,0,3100,Доставлен и оплачен,Безналичный расчет (юрлицо)
ORD-202608-0048,2026-08-20 04:53:59,2026-08-20 05:10:59,17,CUST-0075,Федорова Полина Даниловна,+7 292 956 3145,martjan22@mail.ru,Самара,Wildberries,Онлайн-автоматизация,Кабель USB-C - Lightning нейлон 1.5м,Аксессуары,1,550,0,550,Доставлен и оплачен,Долями / Сплит
ORD-202608-0214,2026-08-20 09:25:14,2026-08-20 09:32:14,7,CUST-0081,Фаина Вячеславовна Пахомова,+7 150 221 3601,lvishnjakova@yahoo.com,Санкт-Петербург,Wildberries,Онлайн-автоматизация,Футболка базовая оверсайз,Одежда,3,1400,420,3780,Доставлен и оплачен,Банковская карта
ORD-202608-0179,2026-08-20 14:06:26,2026-08-20 14:17:26,11,CUST-NEW-0179,Иванна Алексеевна Виноградова,+7 441 232 8233,ozimin@rambler.ru,Москва,Ozon,Онлайн-автоматизация,Термокружка вакуумная 500мл,Товары для дома,1,1400,70,1330,Доставлен и оплачен,СБП
ORD-202608-0087,2026-08-20 16:32:12,2026-08-20 16:40:12,8,CUST-NEW-0087,Ильин Никодим Феофанович,8 (872) 318-66-50,annakomissarova@yahoo.com,Москва,Wildberries,Онлайн-автоматизация,Кабель USB-C - Lightning нейлон 1.5м,Аксессуары,2,950,0,1900,Доставлен и оплачен,Долями / Сплит
ORD-202608-0159,2026-08-20 18:02:21,2026-08-20 18:17:21,15,CUST-NEW-0159,Баранов Сила Власович,+78693059064,abramovakira@hotmail.com,Краснодар,VK Маркет,Анна Смирнова,Увлажнитель воздуха ультразвуковой,Товары для дома,1,3150,158,2992,В обработке,Банковская карта
ORD-202608-0139,2026-08-20 18:42:39,2026-08-20 19:02:39,20,CUST-0061,Зинаида Андреевна Мухина,8 (201) 699-77-19,praskovjaershova@yahoo.com,Новосибирск,Сайт (интернет-магазин),Анна Смирнова,Худи оверсайз хлопок,Одежда,1,2900,290,2610,Доставлен и оплачен,Безналичный расчет (юрлицо)
ORD-202608-0020,2026-08-20 19:40:11,2026-08-20 19:46:11,6,CUST-NEW-0020,Тихонова Марфа Тарасовна,8 727 173 8584,sofija2012@gmail.com,Санкт-Петербург,Розничный магазин (офлайн),Анна Смирнова,Кроссовки городские демисезон,Обувь,1,7700,385,7315,Доставлен и оплачен,СБП
ORD-202608-0111,2026-08-21 00:05:29,2026-08-21 00:24:29,19,CUST-NEW-0111,Наталья Артемовна Горшкова,8 (493) 421-1258,avgustivanov@hotmail.com,Самара,VK Маркет,Ольга Кузнецова,Умные часы FitPulse Max,Электроника,4,9350,0,37400,Доставлен и оплачен,СБП
ORD-202608-0095,2026-08-21 05:16:00,2026-08-21 05:29:00,13,CUST-0002,Пелагея Викторовна Тетерина,+7 827 342 2120,igortrofimov@hotmail.com,Казань,Ozon,Онлайн-автоматизация,Светодиодная лампа с диммером,Товары для дома,1,2550,76,2474,Передан в доставку,Банковская карта
ORD-202608-0175,2026-08-21 06:15:05,2026-08-21 06:36:05,21,CUST-NEW-0175,Голубев Михей Яковлевич,+7 (723) 184-3974,prohorovmilan@hotmail.com,Санкт-Петербург,Розничный магазин (офлайн),Максим Романов,Рюкзак городской водонепроницаемый,Аксессуары,1,2900,87,2813,Передан в доставку,СБП
ORD-202608-0245,2026-08-21 13:12:58,2026-08-21 13:37:58,25,CUST-NEW-0245,Медведев Андроник Глебович,8 117 607 00 75,admitrieva@yahoo.com,Екатеринбург,Авито,Анна Смирнова,Рюкзак городской водонепроницаемый,Аксессуары,1,5250,262,4988,Возврат,При получении
ORD-202608-0169,2026-08-21 14:46:45,2026-08-21 14:52:45,6,CUST-0022,Кудрявцев Ладимир Юльевич,+7 (904) 702-49-86,ponomarevjakov@mail.ru,Екатеринбург,VK Маркет,Анна Смирнова,Увлажнитель воздуха ультразвуковой,Товары для дома,1,4700,141,4559,Доставлен и оплачен,Банковская карта
ORD-202608-0089,2026-08-23 02:37:49,2026-08-23 02:51:49,14,CUST-0029,Бурова Олимпиада Ефимовна,8 101 809 9269,vitali30@rambler.ru,Нижний Новгород,Ozon,Онлайн-автоматизация,Умные часы FitPulse Max,Электроника,1,11400,570,10830,Доставлен и оплачен,СБП
ORD-202608-0006,2026-08-23 14:50:01,2026-08-23 15:05:01,15,CUST-NEW-0006,Сазонов Милий Харлампьевич,8 (890) 582-1643,silantihohlov@hotmail.com,Казань,Wildberries,Онлайн-автоматизация,Футболка базовая оверсайз,Одежда,1,1200,60,1140,Доставлен и оплачен,При получении
ORD-202608-0176,2026-08-23 15:42:07,2026-08-23 15:44:07,2,CUST-NEW-0176,Наина Богдановна Корнилова,+7 (766) 247-05-05,dorofeevaanastasija@yandex.ru,Казань,Авито,Онлайн-автоматизация,Кроссовки городские демисезон,Обувь,3,7800,1170,22230,Доставлен и оплачен,Долями / Сплит
ORD-202608-0058,2026-08-23 18:56:38,2026-08-23 19:13:38,17,CUST-0058,Вацлав Валерьянович Давыдов,8 430 412 5013,osip_1984@yahoo.com,Ростов-на-Дону,Wildberries,Онлайн-автоматизация,Светодиодная лампа с диммером,Товары для дома,1,2100,0,2100,Отменен клиентом,Безналичный расчет (юрлицо)
ORD-202608-0211,2026-08-23 21:19:07,2026-08-24 01:05:07,226,CUST-NEW-0211,Анна Кузьминична Гущина,84368570581,gleb_30@yandex.ru,Самара,VK Маркет,Ольга Кузнецова,Защитное стекло Premium 9D,Аксессуары,1,700,21,679,Доставлен и оплачен,Безналичный расчет (юрлицо)
ORD-202608-0197,2026-08-23 23:12:47,2026-08-23 23:15:47,3,CUST-NEW-0197,Алла Андреевна Орлова,+73844982796,dorofeevazinaida@gmail.com,Казань,Авито,Онлайн-автоматизация,Увлажнитель воздуха ультразвуковой,Товары для дома,2,2550,510,4590,Ожидает оплаты,При получении
ORD-202608-0223,2026-08-24 03:32:09,2026-08-24 03:44:09,12,CUST-0076,Полякова Валентина Леоновна,8 913 661 0077,danilovapraskovja@hotmail.com,Краснодар,Сайт (интернет-магазин),Елена Васильева,Набор органической косметики CareSet,Красота и уход,1,3050,92,2958,Доставлен и оплачен,Банковская карта
ORD-202608-0233,2026-08-24 05:11:39,2026-08-24 05:28:39,17,CUST-NEW-0233,Алевтина Дмитриевна Дмитриева,+7 (682) 001-1241,avdeevpankrati@yandex.ru,Новосибирск,Сайт (интернет-магазин),Дмитрий Ковалев,Кабель USB-C - Lightning нейлон 1.5м,Аксессуары,1,1100,0,1100,Передан в доставку,При получении
ORD-202608-0212,2026-08-24 10:44:51,2026-08-24 11:02:51,18,CUST-NEW-0212,Нонна Дмитриевна Алексеева,+7 (578) 184-0979,afinogen_35@yandex.ru,Нижний Новгород,Ozon,Онлайн-автоматизация,Светодиодная лампа с диммером,Товары для дома,1,2550,0,2550,Доставлен и оплачен,СБП
ORD-202608-0226,2026-08-24 16:05:25,2026-08-24 16:55:25,50,CUST-NEW-0226,Самойлов Всеслав Елисеевич,8 (901) 276-80-85,prokl_2003@gmail.com,Санкт-Петербург,Ozon,Онлайн-автоматизация,Увлажнитель воздуха ультразвуковой,Товары для дома,1,3300,0,3300,Отменен клиентом,Банковская карта
ORD-202608-0062,2026-08-25 07:51:08,2026-08-25 08:12:08,21,CUST-NEW-0062,Флорентин Еремеевич Федоров,8 (082) 989-7505,popovamargarita@yandex.ru,Самара,Wildberries,Онлайн-автоматизация,Худи оверсайз хлопок,Одежда,3,3900,351,11349,Доставлен и оплачен,При получении
ORD-202608-0144,2026-08-25 18:41:22,2026-08-25 18:59:22,18,CUST-NEW-0144,Маргарита Алексеевна Игнатова,80335587740,milovan2017@gmail.com,Нижний Новгород,Wildberries,Онлайн-автоматизация,Футболка базовая оверсайз,Одежда,1,1350,202,1148,Доставлен и оплачен,Банковская карта
ORD-202608-0100,2026-08-25 20:19:37,2026-08-25 20:39:37,20,CUST-0034,Муравьев Макар Филиппович,8 852 821 86 23,luchezarsilin@mail.ru,Краснодар,VK Маркет,Елена Васильева,Чехол для смартфона силиконовый,Аксессуары,1,800,40,760,Передан в доставку,СБП
ORD-202608-0115,2026-08-25 20:38:50,2026-08-26 00:36:50,238,CUST-NEW-0115,Ирина Аркадьевна Голубева,8 (507) 442-8560,ninajakusheva@yandex.ru,Казань,Ozon,Онлайн-автоматизация,Футболка базовая оверсайз,Одежда,2,2050,205,3895,Доставлен и оплачен,Безналичный расчет (юрлицо)
ORD-202608-0047,2026-08-26 01:07:07,2026-08-26 01:18:07,11,CUST-NEW-0047,Милица Богдановна Мартынова,+74769858798,morozovstanislav@hotmail.com,Москва,Авито,Онлайн-автоматизация,Крем восстанавливающий SPF 50,Красота и уход,1,850,85,765,Доставлен и оплачен,Банковская карта
ORD-202608-0056,2026-08-26 16:41:18,2026-08-26 16:51:18,10,CUST-0076,Полякова Валентина Леоновна,8 913 661 0077,danilovapraskovja@hotmail.com,Краснодар,Розничный магазин (офлайн),Анна Смирнова,Пауэрбанк 20000 mAh FastCharge,Электроника,1,2050,0,2050,Доставлен и оплачен,Банковская карта
ORD-202608-0149,2026-08-26 20:06:37,2026-08-26 22:34:37,148,CUST-NEW-0149,Милен Григорьевич Савельев,8 211 794 19 93,volkovauljana@rambler.ru,Ростов-на-Дону,Сайт (интернет-магазин),Дмитрий Ковалев,Светодиодная лампа с диммером,Товары для дома,1,2750,0,2750,Доставлен и оплачен,СБП
ORD-202608-0105,2026-08-27 08:28:19,2026-08-27 11:25:19,177,CUST-NEW-0105,Данилова Оксана Николаевна,8 (256) 379-8580,vladimirmedvedev@yahoo.com,Москва,Розничный магазин (офлайн),Елена Васильева,Кабель USB-C - Lightning нейлон 1.5м,Аксессуары,1,650,20,630,Доставлен и оплачен,При получении
ORD-202608-0040,2026-08-27 08:30:37,2026-08-27 08:37:37,7,CUST-NEW-0040,Федоров Елизар Терентьевич,8 (878) 420-83-55,paramon44@mail.ru,Казань,Ozon,Онлайн-автоматизация,Термокружка вакуумная 500мл,Товары для дома,4,1550,186,6014,Доставлен и оплачен,Банковская карта
ORD-202608-0122,2026-08-27 15:32:56,2026-08-27 15:34:56,2,CUST-NEW-0122,Агафонова Ангелина Аскольдовна,+7 605 799 64 68,ignatevjakub@hotmail.com,Краснодар,Сайт (интернет-магазин),Онлайн-автоматизация,Защитное стекло Premium 9D,Аксессуары,5,450,68,2182,Отменен клиентом,Безналичный расчет (юрлицо)
ORD-202608-0010,2026-08-27 16:14:06,2026-08-27 16:31:06,17,CUST-0030,Гусев Наркис Дмитриевич,+79741149193,bogdanovaregina@hotmail.com,Казань,Сайт (интернет-магазин),Максим Романов,Набор органической косметики CareSet,Красота и уход,1,3250,0,3250,Передан в доставку,СБП
ORD-202608-0067,2026-08-28 11:22:01,2026-08-28 11:31:01,9,CUST-0032,Кабанова Варвара Мироновна,8 767 918 9943,ykapustin@yahoo.com,Екатеринбург,Ozon,Онлайн-автоматизация,Рюкзак городской водонепроницаемый,Аксессуары,1,2950,0,2950,Доставлен и оплачен,При получении
ORD-202608-0215,2026-08-28 13:30:40,2026-08-28 13:41:40,11,CUST-0057,Автоном Григорьевич Родионов,+71202908447,panovefim@yandex.ru,Краснодар,Сайт (интернет-магазин),Анна Смирнова,Футболка базовая оверсайз,Одежда,1,950,0,950,Отменен клиентом,При получении
ORD-202608-0037,2026-08-28 16:45:56,2026-08-28 17:01:56,16,CUST-NEW-0037,Пахомов Аким Данилович,8 635 638 69 84,ernest_1973@rambler.ru,Самара,VK Маркет,Онлайн-автоматизация,Увлажнитель воздуха ультразвуковой,Товары для дома,1,3450,104,3346,Передан в доставку,Банковская карта
ORD-202608-0070,2026-08-29 01:18:00,2026-08-29 04:04:00,166,CUST-0035,Федотова Майя Алексеевна,8 980 440 95 15,mihalovaanna@rambler.ru,Екатеринбург,Сайт (интернет-магазин),Максим Романов,Пауэрбанк 20000 mAh FastCharge,Электроника,1,3800,190,3610,Доставлен и оплачен,Долями / Сплит
ORD-202608-0045,2026-08-29 02:06:27,2026-08-29 03:12:27,66,CUST-0061,Зинаида Андреевна Мухина,8 (201) 699-77-19,praskovjaershova@yahoo.com,Новосибирск,VK Маркет,Максим Романов,Термокружка вакуумная 500мл,Товары для дома,1,1200,36,1164,Передан в доставку,СБП
ORD-202608-0112,2026-08-29 07:20:22,2026-08-29 07:37:22,17,CUST-0046,Вышеслав Ефремович Матвеев,8 (698) 423-0035,lobanovevse@hotmail.com,Казань,Сайт (интернет-магазин),Елена Васильева,Рюкзак городской водонепроницаемый,Аксессуары,3,3200,0,9600,Доставлен и оплачен,Долями / Сплит
ORD-202608-0145,2026-08-30 00:34:48,2026-08-30 03:25:48,171,CUST-0039,Нинель Макаровна Якушева,8 (733) 737-6350,teterinjaroslav@gmail.com,Краснодар,Авито,Анна Смирнова,Крем восстанавливающий SPF 50,Красота и уход,2,1150,0,2300,Передан в доставку,СБП
ORD-202608-0156,2026-08-30 09:51:16,2026-08-30 10:03:16,12,CUST-NEW-0156,Осипов Олимпий Елизарович,+7 245 033 33 17,tlebedeva@gmail.com,Санкт-Петербург,VK Маркет,Анна Смирнова,Кабель USB-C - Lightning нейлон 1.5м,Аксессуары,1,650,20,630,Доставлен и оплачен,При получении
ORD-202608-0178,2026-08-31 04:54:29,2026-08-31 05:19:29,25,CUST-0026,Наумов Сильвестр Денисович,8 (057) 589-55-72,david08@yahoo.com,Новосибирск,Розничный магазин (офлайн),Елена Васильева,Чехол для смартфона силиконовый,Аксессуары,5,500,0,2500,Доставлен и оплачен,При получении
ORD-202608-0028,2026-08-31 06:09:46,2026-08-31 08:35:46,146,CUST-0021,Матвей Ермолаевич Блинов,8 854 004 1939,fokamamontov@yahoo.com,Санкт-Петербург,Ozon,Онлайн-автоматизация,Кабель USB-C - Lightning нейлон 1.5м,Аксессуары,2,1100,330,1870,Доставлен и оплачен,СБП
ORD-202608-0046,2026-08-31 07:19:44,2026-08-31 07:42:44,23,CUST-NEW-0046,Кудряшов Михаил Васильевич,+7 (705) 618-6886,averkiignatev@rambler.ru,Самара,Розничный магазин (офлайн),Ольга Кузнецова,Пауэрбанк 20000 mAh FastCharge,Электроника,1,3800,0,3800,Доставлен и оплачен,При получении
ORD-202608-0132,2026-08-31 15:28:08,2026-08-31 15:49:08,21,CUST-NEW-0132,Никитина Виктория Юльевна,8 (584) 132-7536,ekaterina_12@mail.ru,Санкт-Петербург,Авито,Ольга Кузнецова,Рюкзак городской водонепроницаемый,Аксессуары,2,5350,0,10700,Доставлен и оплачен,При получении
ORD-202609-0114,2026-09-01 02:22:15,2026-09-01 02:33:15,11,CUST-NEW-0114,Рожков Всемил Ярославович,8 (174) 536-19-07,artemevanatalja@yahoo.com,Нижний Новгород,VK Маркет,Онлайн-автоматизация,Чехол для смартфона силиконовый,Аксессуары,1,500,0,500,Передан в доставку,Долями / Сплит
ORD-202609-0164,2026-09-01 20:30:21,2026-09-01 20:36:21,6,CUST-0049,Кулаков Мефодий Зиновьевич,+7 951 136 1718,margaritalukina@hotmail.com,Санкт-Петербург,Ozon,Онлайн-автоматизация,Набор органической косметики CareSet,Красота и уход,2,2200,0,4400,Доставлен и оплачен,Банковская карта
ORD-202609-0154,2026-09-02 16:18:46,2026-09-02 16:23:46,5,CUST-0057,Автоном Григорьевич Родионов,+71202908447,panovefim@yandex.ru,Краснодар,VK Маркет,Онлайн-автоматизация,Крем восстанавливающий SPF 50,Красота и уход,1,1650,0,1650,В обработке,При получении
ORD-202609-0248,2026-09-03 00:35:51,2026-09-03 00:59:51,24,CUST-NEW-0248,Беляков Емельян Фокич,8 949 749 9310,kotovruslan@gmail.com,Екатеринбург,Сайт (интернет-магазин),Дмитрий Ковалев,Пауэрбанк 20000 mAh FastCharge,Электроника,1,2250,0,2250,В обработке,При получении
ORD-202609-0116,2026-09-03 01:34:52,2026-09-03 01:55:52,21,CUST-0057,Автоном Григорьевич Родионов,+71202908447,panovefim@yandex.ru,Краснодар,Авито,Ольга Кузнецова,Рюкзак городской водонепроницаемый,Аксессуары,1,3500,0,3500,Доставлен и оплачен,Долями / Сплит
ORD-202609-0124,2026-09-03 03:01:44,2026-09-03 03:26:44,25,CUST-0079,Константинова Нина Степановна,8 (872) 450-8494,evgeni2018@yandex.ru,Самара,VK Маркет,Онлайн-автоматизация,Термокружка вакуумная 500мл,Товары для дома,3,1200,180,3420,Передан в доставку,Долями / Сплит
ORD-202609-0022,2026-09-03 05:15:09,2026-09-03 05:23:09,8,CUST-NEW-0022,Егоров Филарет Валерьянович,+7 (271) 499-66-97,evgenijakrasilnikova@yandex.ru,Нижний Новгород,Сайт (интернет-магазин),Ольга Кузнецова,Чехол для смартфона силиконовый,Аксессуары,1,450,14,436,Отменен клиентом,При получении
ORD-202609-0092,2026-09-03 05:40:49,2026-09-03 05:57:49,17,CUST-0046,Вышеслав Ефремович Матвеев,8 (698) 423-0035,lobanovevse@hotmail.com,Казань,Ozon,Онлайн-автоматизация,Худи оверсайз хлопок,Одежда,2,3350,335,6365,Отменен клиентом,СБП
ORD-202609-0014,2026-09-03 10:35:25,2026-09-03 10:58:25,23,CUST-NEW-0014,Октябрина Болеславовна Калашникова,+7 (021) 315-23-05,seleznevignati@yahoo.com,Нижний Новгород,VK Маркет,Онлайн-автоматизация,Футболка базовая оверсайз,Одежда,1,1450,44,1406,Передан в доставку,СБП
ORD-202609-0085,2026-09-03 19:48:14,2026-09-03 20:12:14,24,CUST-NEW-0085,Селиван Ефремович Семенов,+71292062750,sterentev@yandex.ru,Казань,Розничный магазин (офлайн),Дмитрий Ковалев,Умные часы FitPulse Max,Электроника,2,10600,0,21200,Доставлен и оплачен,При получении
ORD-202609-0113,2026-09-03 19:56:18,2026-09-03 20:13:18,17,CUST-NEW-0113,Владилен Демьянович Субботин,88527635410,kkuzmina@yahoo.com,Самара,Авито,Елена Васильева,Кроссовки городские демисезон,Обувь,1,6350,0,6350,Ожидает оплаты,Долями / Сплит
ORD-202609-0198,2026-09-04 04:43:11,2026-09-04 05:05:11,22,CUST-NEW-0198,Евлампий Ануфриевич Наумов,8 (164) 809-9396,korolevkapiton@rambler.ru,Краснодар,Ozon,Онлайн-автоматизация,Крем восстанавливающий SPF 50,Красота и уход,3,900,0,2700,Доставлен и оплачен,Банковская карта
ORD-202609-0104,2026-09-05 03:06:08,2026-09-05 05:53:08,167,CUST-NEW-0104,Сергеева Олимпиада Богдановна,84295233477,filaret_47@gmail.com,Самара,Wildberries,Онлайн-автоматизация,Светодиодная лампа с диммером,Товары для дома,4,1750,210,6790,Доставлен и оплачен,Долями / Сплит
ORD-202609-0196,2026-09-06 04:27:06,2026-09-06 04:43:06,16,CUST-NEW-0196,Капитон Августович Соловьев,+7 277 587 4239,nikita53@mail.ru,Санкт-Петербург,Ozon,Онлайн-автоматизация,Термокружка вакуумная 500мл,Товары для дома,1,1850,0,1850,Доставлен и оплачен,СБП
ORD-202609-0200,2026-09-06 22:51:32,2026-09-06 23:04:32,13,CUST-0046,Вышеслав Ефремович Матвеев,8 (698) 423-0035,lobanovevse@hotmail.com,Казань,Авито,Анна Смирнова,Крем восстанавливающий SPF 50,Красота и уход,1,1100,0,1100,В обработке,Безналичный расчет (юрлицо)
ORD-202609-0083,2026-09-07 12:54:15,2026-09-07 13:18:15,24,CUST-0015,Дарья Борисовна Молчанова,+7 (997) 847-57-61,ijasharapova@rambler.ru,Казань,Сайт (интернет-магазин),Ольга Кузнецова,Увлажнитель воздуха ультразвуковой,Товары для дома,1,3000,150,2850,Передан в доставку,Банковская карта
ORD-202609-0168,2026-09-07 16:11:24,2026-09-07 17:32:24,81,CUST-0006,Калашников Сильвестр Борисович,+7 780 060 06 80,florentin03@gmail.com,Самара,Авито,Дмитрий Ковалев,Футболка базовая оверсайз,Одежда,1,950,0,950,Возврат,Долями / Сплит
ORD-202609-0158,2026-09-08 07:07:41,2026-09-08 09:55:41,168,CUST-NEW-0158,Гаврилова Нинель Кузьминична,8 (142) 955-03-90,alevtina38@gmail.com,Ростов-на-Дону,Ozon,Онлайн-автоматизация,Набор органической косметики CareSet,Красота и уход,1,2300,115,2185,Доставлен и оплачен,Долями / Сплит
ORD-202609-0217,2026-09-09 06:49:18,2026-09-09 07:06:18,17,CUST-NEW-0217,Антонина Семеновна Гусева,8 (990) 600-93-07,iraida_1979@rambler.ru,Екатеринбург,Ozon,Онлайн-автоматизация,Увлажнитель воздуха ультразвуковой,Товары для дома,1,4250,212,4038,В обработке,Долями / Сплит
ORD-202609-0174,2026-09-09 07:40:25,2026-09-09 09:25:25,105,CUST-NEW-0174,Яковлев Силантий Германович,+78927424693,kulakovaalina@yahoo.com,Казань,Авито,Ольга Кузнецова,Набор органической косметики CareSet,Красота и уход,1,3300,330,2970,Доставлен и оплачен,СБП
ORD-202609-0194,2026-09-10 09:38:09,2026-09-10 09:49:09,11,CUST-0081,Фаина Вячеславовна Пахомова,+7 150 221 3601,lvishnjakova@yahoo.com,Санкт-Петербург,Ozon,Онлайн-автоматизация,Худи оверсайз хлопок,Одежда,1,5800,580,5220,В обработке,Долями / Сплит
ORD-202609-0173,2026-09-10 18:22:29,2026-09-10 21:21:29,179,CUST-0022,Кудрявцев Ладимир Юльевич,+7 (904) 702-49-86,ponomarevjakov@mail.ru,Екатеринбург,Розничный магазин (офлайн),Ольга Кузнецова,Пауэрбанк 20000 mAh FastCharge,Электроника,1,2650,0,2650,Доставлен и оплачен,Долями / Сплит
ORD-202609-0117,2026-09-10 18:47:47,2026-09-10 21:54:47,187,CUST-NEW-0117,Филатов Артем Филиппович,8 (413) 877-6737,nineldrozdova@yahoo.com,Санкт-Петербург,Розничный магазин (офлайн),Анна Смирнова,Беспроводные наушники X-Sound Pro,Электроника,1,5550,832,4718,Доставлен и оплачен,Безналичный расчет (юрлицо)
ORD-202609-0242,2026-09-10 21:23:23,2026-09-10 21:35:23,12,CUST-NEW-0242,Людмила Афанасьевна Самсонова,80690338301,epifan_18@yandex.ru,Санкт-Петербург,Сайт (интернет-магазин),Максим Романов,Чехол для смартфона силиконовый,Аксессуары,1,800,24,776,В обработке,Банковская карта
ORD-202609-0016,2026-09-11 02:23:40,2026-09-11 02:43:40,20,CUST-NEW-0016,Захаров Дементий Яковлевич,89112054300,gennadi47@yandex.ru,Новосибирск,Розничный магазин (офлайн),Елена Васильева,Набор органической косметики CareSet,Красота и уход,1,1800,270,1530,Доставлен и оплачен,Долями / Сплит
ORD-202609-0206,2026-09-11 10:47:22,2026-09-11 10:57:22,10,CUST-NEW-0206,Морозова Евфросиния Константиновна,8 (969) 171-1987,olga1975@hotmail.com,Самара,Авито,Онлайн-автоматизация,Кроссовки городские демисезон,Обувь,1,8650,0,8650,Доставлен и оплачен,СБП
ORD-202609-0232,2026-09-11 11:50:10,2026-09-11 12:13:10,23,CUST-0055,Пономарева Анастасия Филипповна,8 (350) 699-93-23,anani_2026@gmail.com,Москва,VK Маркет,Дмитрий Ковалев,Футболка базовая оверсайз,Одежда,2,1550,0,3100,Доставлен и оплачен,При получении
ORD-202609-0166,2026-09-11 19:08:42,2026-09-11 22:42:42,214,CUST-NEW-0166,Назаров Станимир Иосифович,8 061 204 2637,kondrati_25@yahoo.com,Самара,VK Маркет,Ольга Кузнецова,Умные часы FitPulse Max,Электроника,1,8700,0,8700,Передан в доставку,СБП
ORD-202609-0247,2026-09-11 23:00:25,2026-09-11 23:51:25,51,CUST-NEW-0247,Галина Мироновна Вишнякова,+7 (728) 342-67-65,wmartinova@hotmail.com,Казань,Ozon,Онлайн-автоматизация,Светодиодная лампа с диммером,Товары для дома,2,2600,520,4680,Доставлен и оплачен,Безналичный расчет (юрлицо)
ORD-202609-0195,2026-09-12 09:53:17,2026-09-12 10:17:17,24,CUST-NEW-0195,Владимиров Леон Ефремович,8 293 247 4750,sergeevasvetlana@hotmail.com,Новосибирск,Розничный магазин (офлайн),Дмитрий Ковалев,Защитное стекло Premium 9D,Аксессуары,1,400,20,380,Доставлен и оплачен,При получении
ORD-202609-0147,2026-09-13 09:09:13,2026-09-13 12:03:13,174,CUST-0001,Воробьева Наина Юльевна,80100399385,fomingavrila@yahoo.com,Екатеринбург,Авито,Ольга Кузнецова,Чехол для смартфона силиконовый,Аксессуары,1,750,0,750,В обработке,Долями / Сплит
ORD-202609-0241,2026-09-13 20:56:47,2026-09-13 22:27:47,91,CUST-NEW-0241,Мария Руслановна Панфилова,8 (130) 095-0473,oktjabrinamatveeva@yahoo.com,Краснодар,Ozon,Онлайн-автоматизация,Крем восстанавливающий SPF 50,Красота и уход,4,900,180,3420,Доставлен и оплачен,При получении
ORD-202609-0093,2026-09-13 21:20:29,2026-09-14 00:04:29,164,CUST-0011,Сидор Измаилович Елисеев,+78633334850,sinklitikijanikolaeva@gmail.com,Новосибирск,Авито,Анна Смирнова,Кабель USB-C - Lightning нейлон 1.5м,Аксессуары,1,1100,0,1100,Ожидает оплаты,Банковская карта
ORD-202609-0202,2026-09-14 15:32:07,2026-09-14 16:54:07,82,CUST-NEW-0202,Маркова Елизавета Рудольфовна,8 (880) 896-4751,qbogdanov@yahoo.com,Москва,Сайт (интернет-магазин),Анна Смирнова,Беспроводные наушники X-Sound Pro,Электроника,1,3650,0,3650,Доставлен и оплачен,При получении
ORD-202609-0107,2026-09-15 06:02:56,2026-09-15 06:15:56,13,CUST-NEW-0107,Полякова Оксана Валентиновна,8 249 082 25 84,akulina1978@mail.ru,Санкт-Петербург,VK Маркет,Елена Васильева,Беспроводные наушники X-Sound Pro,Электроника,1,7200,0,7200,Доставлен и оплачен,СБП
ORD-202609-0007,2026-09-15 06:43:28,2026-09-15 07:08:28,25,CUST-NEW-0007,Селезнева Эмилия Андреевна,+70139319612,vasilisakomissarova@hotmail.com,Ростов-на-Дону,Wildberries,Онлайн-автоматизация,Набор органической косметики CareSet,Красота и уход,2,3150,189,6111,Возврат,При получении
ORD-202609-0021,2026-09-15 11:38:19,2026-09-15 12:02:19,24,CUST-NEW-0021,тов. Доронина Елизавета Романовна,+7 769 701 25 32,afanasevaevgenija@gmail.com,Санкт-Петербург,Wildberries,Онлайн-автоматизация,Кроссовки городские демисезон,Обувь,2,5950,0,11900,Ожидает оплаты,Долями / Сплит
ORD-202609-0244,2026-09-15 15:46:07,2026-09-15 19:12:07,206,CUST-NEW-0244,Фадеев Никандр Евсеевич,+7 (345) 807-0190,gkomarova@mail.ru,Нижний Новгород,VK Маркет,Дмитрий Ковалев,Защитное стекло Premium 9D,Аксессуары,1,350,52,298,Доставлен и оплачен,Долями / Сплит
ORD-202609-0219,2026-09-15 21:21:18,2026-09-15 21:40:18,19,CUST-NEW-0219,Марфа Ивановна Юдина,84900356046,ljubosmisl_62@gmail.com,Новосибирск,VK Маркет,Елена Васильева,Защитное стекло Premium 9D,Аксессуары,1,700,0,700,Передан в доставку,Долями / Сплит
ORD-202609-0207,2026-09-16 02:49:05,2026-09-16 06:15:05,206,CUST-0060,Анжела Тимуровна Суворова,+7 (179) 555-39-68,ribakovagalina@rambler.ru,Санкт-Петербург,Wildberries,Онлайн-автоматизация,Набор органической косметики CareSet,Красота и уход,1,2650,132,2518,Передан в доставку,СБП
ORD-202609-0218,2026-09-16 12:27:47,2026-09-16 12:33:47,6,CUST-0068,тов. Соколов Мартын Димитриевич,8 (194) 379-81-87,kovalevalarisa@mail.ru,Санкт-Петербург,Wildberries,Онлайн-автоматизация,Крем восстанавливающий SPF 50,Красота и уход,5,1650,412,7838,Доставлен и оплачен,Долями / Сплит
ORD-202609-0243,2026-09-16 19:13:33,2026-09-16 19:21:33,8,CUST-NEW-0243,Галина Эдуардовна Вишнякова,8 915 366 3005,rlukina@mail.ru,Краснодар,Сайт (интернет-магазин),Дмитрий Ковалев,Футболка базовая оверсайз,Одежда,1,1250,125,1125,В обработке,Безналичный расчет (юрлицо)
ORD-202609-0018,2026-09-16 22:21:29,2026-09-16 23:40:29,79,CUST-0021,Матвей Ермолаевич Блинов,8 854 004 1939,fokamamontov@yahoo.com,Санкт-Петербург,VK Маркет,Анна Смирнова,Кабель USB-C - Lightning нейлон 1.5м,Аксессуары,1,500,0,500,Доставлен и оплачен,Долями / Сплит
ORD-202609-0017,2026-09-17 00:33:01,2026-09-17 00:36:01,3,CUST-NEW-0017,Тит Аверьянович Рогов,8 766 075 0970,feofanfedorov@hotmail.com,Ростов-на-Дону,Wildberries,Онлайн-автоматизация,Рюкзак городской водонепроницаемый,Аксессуары,2,3550,213,6887,Доставлен и оплачен,Долями / Сплит
ORD-202609-0205,2026-09-17 05:00:03,2026-09-17 05:09:03,9,CUST-0005,Никитин Любим Устинович,+7 (905) 822-2242,pelagejabobrova@yandex.ru,Нижний Новгород,Ozon,Онлайн-автоматизация,Кроссовки городские демисезон,Обувь,1,5600,280,5320,Доставлен и оплачен,Банковская карта
ORD-202609-0240,2026-09-17 12:43:33,2026-09-17 13:08:33,25,CUST-0033,Степан Викторович Григорьев,+77120416856,blinovaksenija@mail.ru,Новосибирск,Розничный магазин (офлайн),Елена Васильева,Набор органической косметики CareSet,Красота и уход,1,2700,0,2700,Доставлен и оплачен,Долями / Сплит
ORD-202609-0153,2026-09-18 08:57:09,2026-09-18 09:01:09,4,CUST-0065,Феврония Филипповна Мартынова,+75764031731,danilovtvorimir@rambler.ru,Нижний Новгород,Авито,Елена Васильева,Крем восстанавливающий SPF 50,Красота и уход,2,1600,0,3200,Доставлен и оплачен,СБП
ORD-202609-0161,2026-09-18 18:57:37,2026-09-18 19:08:37,11,CUST-NEW-0161,Носкова Лукия Олеговна,8 (225) 062-68-05,ktihonova@mail.ru,Нижний Новгород,Ozon,Онлайн-автоматизация,Беспроводные наушники X-Sound Pro,Электроника,1,5600,168,5432,Отменен клиентом,При получении
ORD-202609-0051,2026-09-19 04:53:29,2026-09-19 05:07:29,14,CUST-NEW-0051,Дарья Евгеньевна Комиссарова,8 (124) 120-43-88,akulinachernova@gmail.com,Санкт-Петербург,Сайт (интернет-магазин),Дмитрий Ковалев,Кроссовки городские демисезон,Обувь,5,7600,1900,36100,Передан в доставку,Безналичный расчет (юрлицо)
ORD-202609-0125,2026-09-19 07:43:33,2026-09-19 08:04:33,21,CUST-NEW-0125,Вениамин Ермилович Белов,+7 620 437 45 56,lshubina@rambler.ru,Самара,Авито,Онлайн-автоматизация,Защитное стекло Premium 9D,Аксессуары,1,550,16,534,Доставлен и оплачен,Долями / Сплит
ORD-202609-0136,2026-09-19 07:59:36,2026-09-19 11:44:36,225,CUST-0028,Самойлов Аким Венедиктович,8 (490) 055-0337,ernest_2008@hotmail.com,Самара,VK Маркет,Максим Романов,Кабель USB-C - Lightning нейлон 1.5м,Аксессуары,1,950,95,855,Доставлен и оплачен,Долями / Сплит
ORD-202609-0230,2026-09-19 10:31:57,2026-09-19 10:41:57,10,CUST-0015,Дарья Борисовна Молчанова,+7 (997) 847-57-61,ijasharapova@rambler.ru,Казань,Авито,Анна Смирнова,Крем восстанавливающий SPF 50,Красота и уход,1,1400,42,1358,Доставлен и оплачен,СБП
ORD-202609-0135,2026-09-19 13:48:38,2026-09-19 15:41:38,113,CUST-0068,тов. Соколов Мартын Димитриевич,8 (194) 379-81-87,kovalevalarisa@mail.ru,Санкт-Петербург,VK Маркет,Ольга Кузнецова,Светодиодная лампа с диммером,Товары для дома,2,1550,0,3100,Отменен клиентом,Банковская карта
ORD-202609-0049,2026-09-19 19:13:14,2026-09-19 19:23:14,10,CUST-NEW-0049,Ульяна Федоровна Дементьева,+7 (861) 080-9850,maksim_02@rambler.ru,Екатеринбург,VK Маркет,Анна Смирнова,Набор органической косметики CareSet,Красота и уход,2,2200,132,4268,Доставлен и оплачен,СБП
