ID отправления,Дата оформления,Клиент,Телефон,Наименование артикула,Категория каталога,Количество штук,Розничная цена,"Скидка продавца, руб.",К перечислению (Выручка),Текущее состояние,Склад / Канал
WB-202606-0034,2026-06-22,Михей Викентьевич Матвеев,+7 (161) 544-1660,Защитное стекло Premium 9D,Аксессуары,2,450,90,810,В обработке,Сайт (интернет-магазин)
WB-202606-0163,2026-06-22,Аверьян Игнатович Ковалев,8 853 535 0989,Светодиодная лампа с диммером,Товары для дома,1,1600,240,1360,Передан в доставку,Сайт (интернет-магазин)
WB-202606-0074,2026-06-22,Нонна Вадимовна Яковлева,+7 (359) 169-6075,Чехол для смартфона силиконовый,Аксессуары,2,650,130,1170,Доставлен и оплачен,Ozon
WB-202606-0191,2026-06-23,Людмила Максимовна Муравьева,8 (923) 778-73-32,Защитное стекло Premium 9D,Аксессуары,3,650,0,1950,Доставлен и оплачен,Розничный магазин (офлайн)
WB-202606-0190,2026-06-24,Шашков Мефодий Гаврилович,+7 621 732 5227,Кроссовки городские демисезон,Обувь,1,5100,0,5100,Доставлен и оплачен,Авито
WB-202606-0234,2026-06-24,Боброва Алевтина Эльдаровна,81797552067,Светодиодная лампа с диммером,Товары для дома,1,1900,0,1900,Отменен клиентом,Сайт (интернет-магазин)
WB-202606-0055,2026-06-25,Ларионов Парфен Дмитриевич,+7 034 102 9726,Кабель USB-C - Lightning нейлон 1.5м,Аксессуары,1,950,0,950,Доставлен и оплачен,Wildberries
WB-202606-0130,2026-06-26,Мартынов Валентин Вячеславович,+7 987 923 5351,Футболка базовая оверсайз,Одежда,1,1300,0,1300,В обработке,Авито
WB-202606-0025,2026-06-27,Лукия Ивановна Архипова,+76499133761,Защитное стекло Premium 9D,Аксессуары,4,350,0,1400,Отменен клиентом,Ozon
WB-202606-0038,2026-06-27,Лихачев Амос Ануфриевич,8 (139) 311-24-01,Крем восстанавливающий SPF 50,Красота и уход,1,1200,0,1200,Доставлен и оплачен,VK Маркет
WB-202606-0133,2026-06-27,Модест Артурович Гусев,8 066 417 9459,Футболка базовая оверсайз,Одежда,1,1700,255,1445,Доставлен и оплачен,Сайт (интернет-магазин)
WB-202606-0103,2026-06-28,Януарий Ануфриевич Рыбаков,8 (588) 959-2800,Набор органической косметики CareSet,Красота и уход,1,3250,98,3152,Доставлен и оплачен,Розничный магазин (офлайн)
WB-202606-0180,2026-06-28,Рюрик Давыдович Марков,8 552 457 0227,Защитное стекло Premium 9D,Аксессуары,1,400,0,400,Отменен клиентом,Сайт (интернет-магазин)
WB-202606-0155,2026-06-29,Селиверстов Наркис Федосеевич,+7 439 367 5372,Кабель USB-C - Lightning нейлон 1.5м,Аксессуары,1,1200,60,1140,Доставлен и оплачен,Ozon
WB-202606-0120,2026-06-29,Лариса Вячеславовна Филатова,+7 673 880 5507,Худи оверсайз хлопок,Одежда,1,5800,870,4930,Отменен клиентом,Розничный магазин (офлайн)
WB-202606-0216,2026-06-29,Ермаков Онуфрий Бориславович,+7 (831) 528-6631,Футболка базовая оверсайз,Одежда,1,1150,115,1035,Доставлен и оплачен,Сайт (интернет-магазин)
WB-202606-0188,2026-06-30,Нонна Юрьевна Титова,+72107150088,Термокружка вакуумная 500мл,Товары для дома,5,850,0,4250,Передан в доставку,Розничный магазин (офлайн)
WB-202606-0002,2026-06-30,Тимофеева Агафья Тимофеевна,+7 (337) 613-7867,Кроссовки городские демисезон,Обувь,3,6150,0,18450,Доставлен и оплачен,Ozon
WB-202606-0249,2026-06-30,Пестов Христофор Жоресович,8 519 192 94 30,Пауэрбанк 20000 mAh FastCharge,Электроника,1,3100,310,2790,Доставлен и оплачен,Сайт (интернет-магазин)
WB-202606-0229,2026-06-30,Надежда Наумовна Зуева,88876168660,Чехол для смартфона силиконовый,Аксессуары,1,550,28,522,Передан в доставку,Сайт (интернет-магазин)
WB-202606-0121,2026-06-30,Зинаида Макаровна Жукова,+7 (650) 472-0143,Чехол для смартфона силиконовый,Аксессуары,1,800,0,800,Доставлен и оплачен,Розничный магазин (офлайн)
WB-202606-0239,2026-06-30,Меркушев Симон Евсеевич,+7 (025) 878-88-14,Пауэрбанк 20000 mAh FastCharge,Электроника,2,3050,305,5795,Доставлен и оплачен,Wildberries
WB-202607-0231,2026-07-01,Костина Евпраксия Святославовна,8 (668) 840-8315,Рюкзак городской водонепроницаемый,Аксессуары,1,3600,180,3420,Доставлен и оплачен,Розничный магазин (офлайн)
WB-202607-0224,2026-07-02,Осипова Евпраксия Юльевна,8 (035) 099-6509,Увлажнитель воздуха ультразвуковой,Товары для дома,1,2800,84,2716,Доставлен и оплачен,Wildberries
WB-202607-0150,2026-07-02,Оксана Богдановна Крылова,8 (475) 665-05-01,Термокружка вакуумная 500мл,Товары для дома,1,1450,44,1406,Доставлен и оплачен,Ozon
WB-202607-0003,2026-07-02,Вера Федоровна Васильева,8 (580) 887-26-28,Беспроводные наушники X-Sound Pro,Электроника,2,6900,690,13110,Доставлен и оплачен,Wildberries
WB-202607-0142,2026-07-02,Кудрявцев Ладимир Юльевич,+7 (904) 702-49-86,Термокружка вакуумная 500мл,Товары для дома,1,1450,0,1450,Ожидает оплаты,Wildberries
WB-202607-0061,2026-07-02,Валентина Петровна Силина,8 (350) 267-7084,Кабель USB-C - Lightning нейлон 1.5м,Аксессуары,1,450,0,450,Отменен клиентом,Розничный магазин (офлайн)
WB-202607-0221,2026-07-03,Капитон Алексеевич Герасимов,+7 (758) 664-6720,Защитное стекло Premium 9D,Аксессуары,1,600,0,600,Возврат,Wildberries
WB-202607-0091,2026-07-03,Евфросиния Оскаровна Шубина,+7 736 905 0787,Кроссовки городские демисезон,Обувь,2,8450,0,16900,Доставлен и оплачен,VK Маркет
WB-202607-0086,2026-07-03,Субботин Парамон Гавриилович,8 550 857 28 94,Беспроводные наушники X-Sound Pro,Электроника,2,4350,870,7830,Доставлен и оплачен,Wildberries
WB-202607-0181,2026-07-03,Виноградова Милица Дмитриевна,+72249697934,Кроссовки городские демисезон,Обувь,5,4300,0,21500,Передан в доставку,Розничный магазин (офлайн)
WB-202607-0250,2026-07-03,Мишина Прасковья Кирилловна,+79139381087,Крем восстанавливающий SPF 50,Красота и уход,2,1100,66,2134,Доставлен и оплачен,Wildberries
WB-202607-0011,2026-07-05,Дарья Наумовна Селезнева,80737799913,Защитное стекло Premium 9D,Аксессуары,3,700,0,2100,Передан в доставку,Розничный магазин (офлайн)
WB-202607-0213,2026-07-05,Селиверст Еремеевич Сорокин,8 928 262 84 82,Кабель USB-C - Lightning нейлон 1.5м,Аксессуары,1,650,0,650,Передан в доставку,VK Маркет
WB-202607-0220,2026-07-05,Устинова Синклитикия Вячеславовна,+7 890 074 4362,Кроссовки городские демисезон,Обувь,1,7550,0,7550,Передан в доставку,Авито
WB-202607-0066,2026-07-05,Наумов Сильвестр Денисович,8 (057) 589-55-72,Набор органической косметики CareSet,Красота и уход,2,2200,132,4268,Доставлен и оплачен,Ozon
WB-202607-0026,2026-07-05,Кулаков Мефодий Зиновьевич,+7 951 136 1718,Беспроводные наушники X-Sound Pro,Электроника,1,7250,725,6525,В обработке,Wildberries
WB-202607-0080,2026-07-06,Парамон Анисимович Давыдов,84384296406,Кабель USB-C - Lightning нейлон 1.5м,Аксессуары,1,800,0,800,Доставлен и оплачен,Розничный магазин (офлайн)
WB-202607-0076,2026-07-06,Воробьева Наина Юльевна,80100399385,Светодиодная лампа с диммером,Товары для дома,1,2550,382,2168,Передан в доставку,Wildberries
WB-202607-0187,2026-07-07,Мишина Прасковья Кирилловна,+79139381087,Беспроводные наушники X-Sound Pro,Электроника,4,4100,492,15908,В обработке,Ozon
WB-202607-0203,2026-07-07,Меркушева Прасковья Харитоновна,+74019917611,Пауэрбанк 20000 mAh FastCharge,Электроника,1,3100,155,2945,Передан в доставку,Розничный магазин (офлайн)
WB-202607-0039,2026-07-08,Степан Викторович Григорьев,+77120416856,Умные часы FitPulse Max,Электроника,1,10150,508,9642,Доставлен и оплачен,Сайт (интернет-магазин)
WB-202607-0238,2026-07-08,Зинаида Степановна Смирнова,8 385 467 34 03,Крем восстанавливающий SPF 50,Красота и уход,1,1250,0,1250,Доставлен и оплачен,Авито
WB-202607-0101,2026-07-08,Куприян Дорофеевич Горбачев,+71332557963,Увлажнитель воздуха ультразвуковой,Товары для дома,1,4150,0,4150,Доставлен и оплачен,Розничный магазин (офлайн)
WB-202607-0082,2026-07-08,Субботин Ипат Фёдорович,8 607 814 4807,Увлажнитель воздуха ультразвуковой,Товары для дома,1,2250,0,2250,Доставлен и оплачен,Сайт (интернет-магазин)
WB-202607-0127,2026-07-09,Будимир Марсович Дроздов,8 (106) 041-2328,Пауэрбанк 20000 mAh FastCharge,Электроника,1,3750,112,3638,Доставлен и оплачен,VK Маркет
WB-202607-0160,2026-07-09,Терентьева Екатерина Егоровна,+7 (380) 524-91-22,Кабель USB-C - Lightning нейлон 1.5м,Аксессуары,2,1100,0,2200,Доставлен и оплачен,Сайт (интернет-магазин)
WB-202607-0193,2026-07-10,Сорокина Милица Афанасьевна,8 (784) 448-9248,Защитное стекло Premium 9D,Аксессуары,4,550,330,1870,Возврат,Розничный магазин (офлайн)
WB-202607-0043,2026-07-10,Спартак Владленович Блохин,8 (076) 780-26-09,Беспроводные наушники X-Sound Pro,Электроника,1,7150,1072,6078,Доставлен и оплачен,Wildberries
WB-202607-0005,2026-07-10,Филиппова Милица Вячеславовна,8 404 944 07 72,Увлажнитель воздуха ультразвуковой,Товары для дома,1,3600,0,3600,Доставлен и оплачен,VK Маркет
WB-202607-0019,2026-07-10,Матвей Ермолаевич Блинов,8 854 004 1939,Пауэрбанк 20000 mAh FastCharge,Электроника,1,2000,0,2000,Передан в доставку,Розничный магазин (офлайн)
WB-202607-0201,2026-07-11,Мишина Прасковья Кирилловна,+79139381087,Беспроводные наушники X-Sound Pro,Электроника,1,7400,222,7178,Возврат,Ozon
WB-202607-0068,2026-07-11,Никифорова Евгения Федоровна,+7 (158) 733-35-84,Набор органической косметики CareSet,Красота и уход,2,3550,0,7100,Доставлен и оплачен,Ozon
WB-202607-0186,2026-07-11,Пономарева Анастасия Филипповна,8 (350) 699-93-23,Рюкзак городской водонепроницаемый,Аксессуары,1,4350,0,4350,Доставлен и оплачен,Авито
WB-202607-0031,2026-07-11,Самойлов Аким Венедиктович,8 (490) 055-0337,Пауэрбанк 20000 mAh FastCharge,Электроника,1,2750,82,2668,Ожидает оплаты,Авито
WB-202607-0033,2026-07-11,Спартак Владленович Блохин,8 (076) 780-26-09,Футболка базовая оверсайз,Одежда,1,1750,0,1750,Доставлен и оплачен,Авито
WB-202607-0209,2026-07-12,Беспалова Виктория Ждановна,+73073652388,Защитное стекло Premium 9D,Аксессуары,2,650,0,1300,Доставлен и оплачен,Ozon
WB-202607-0041,2026-07-12,Орлова Ульяна Семеновна,8 906 741 0853,Светодиодная лампа с диммером,Товары для дома,2,2350,235,4465,Доставлен и оплачен,VK Маркет
WB-202607-0210,2026-07-13,Гедеон Матвеевич Федоров,+7 (791) 643-67-33,Светодиодная лампа с диммером,Товары для дома,1,1850,0,1850,Доставлен и оплачен,Сайт (интернет-магазин)
WB-202607-0128,2026-07-14,Капитон Алексеевич Герасимов,+7 (758) 664-6720,Рюкзак городской водонепроницаемый,Аксессуары,2,4600,0,9200,Доставлен и оплачен,Сайт (интернет-магазин)
WB-202607-0097,2026-07-14,Рогов Святослав Филимонович,+75210147093,Худи оверсайз хлопок,Одежда,1,3700,185,3515,Доставлен и оплачен,Ozon
WB-202607-0138,2026-07-14,Фаина Вячеславовна Пахомова,+7 150 221 3601,Футболка базовая оверсайз,Одежда,4,900,108,3492,В обработке,VK Маркет
WB-202607-0162,2026-07-15,Фаина Павловна Никифорова,87119004708,Пауэрбанк 20000 mAh FastCharge,Электроника,1,3850,0,3850,В обработке,VK Маркет
WB-202607-0110,2026-07-15,Анжела Андреевна Матвеева,8 (777) 936-5533,Умные часы FitPulse Max,Электроника,1,11750,1175,10575,Доставлен и оплачен,VK Маркет
WB-202607-0032,2026-07-15,Иван Харламович Шестаков,8 201 866 9438,Беспроводные наушники X-Sound Pro,Электроника,2,6900,690,13110,Доставлен и оплачен,Сайт (интернет-магазин)
WB-202607-0079,2026-07-15,Алина Рубеновна Кондратьева,+7 (477) 125-8102,Увлажнитель воздуха ультразвуковой,Товары для дома,1,4400,0,4400,Доставлен и оплачен,Wildberries
WB-202607-0073,2026-07-15,Кондрат Андреевич Мишин,8 (248) 662-0284,Рюкзак городской водонепроницаемый,Аксессуары,2,2650,265,5035,В обработке,Wildberries
WB-202607-0143,2026-07-16,Ольга Феликсовна Воронова,86777077154,Умные часы FitPulse Max,Электроника,1,8500,255,8245,Доставлен и оплачен,Сайт (интернет-магазин)
WB-202607-0060,2026-07-16,Щукин Василий Димитриевич,8 (726) 624-8349,Кроссовки городские демисезон,Обувь,1,8650,0,8650,Доставлен и оплачен,Авито
WB-202607-0027,2026-07-16,Маргарита Болеславовна Орехова,+72050281330,Худи оверсайз хлопок,Одежда,2,4300,0,8600,В обработке,VK Маркет
WB-202607-0088,2026-07-17,Пелагея Викторовна Тетерина,+7 827 342 2120,Рюкзак городской водонепроницаемый,Аксессуары,1,2500,0,2500,Возврат,VK Маркет
WB-202607-0004,2026-07-17,Андреева Лариса Захаровна,8 252 972 3693,Светодиодная лампа с диммером,Товары для дома,2,2200,132,4268,Возврат,VK Маркет
WB-202607-0077,2026-07-18,Ульяна Романовна Елисеева,+7 537 605 17 05,Беспроводные наушники X-Sound Pro,Электроника,2,5200,1040,9360,Доставлен и оплачен,Wildberries
WB-202607-0023,2026-07-20,Пономарева Анастасия Филипповна,8 (350) 699-93-23,Чехол для смартфона силиконовый,Аксессуары,5,350,52,1698,Доставлен и оплачен,Розничный магазин (офлайн)
WB-202607-0184,2026-07-20,Исаков Модест Харлампьевич,8 968 744 7401,Чехол для смартфона силиконовый,Аксессуары,2,550,0,1100,Доставлен и оплачен,Розничный магазин (офлайн)
WB-202607-0227,2026-07-21,Дарья Борисовна Молчанова,+7 (997) 847-57-61,Футболка базовая оверсайз,Одежда,1,1550,0,1550,Доставлен и оплачен,Wildberries
WB-202607-0225,2026-07-22,Мишина Прасковья Кирилловна,+79139381087,Светодиодная лампа с диммером,Товары для дома,1,1550,0,1550,Отменен клиентом,Авито
WB-202607-0246,2026-07-23,Всеволод Владиславович Белозеров,8 (800) 550-82-46,Увлажнитель воздуха ультразвуковой,Товары для дома,1,3650,110,3540,Передан в доставку,Wildberries
WB-202607-0052,2026-07-23,Вероника Альбертовна Шарова,+7 816 876 41 10,Футболка базовая оверсайз,Одежда,1,1900,0,1900,Доставлен и оплачен,VK Маркет
WB-202607-0099,2026-07-23,Андрей Валерианович Яковлев,8 (188) 236-33-69,Умные часы FitPulse Max,Электроника,1,9100,273,8827,Доставлен и оплачен,VK Маркет
WB-202607-0228,2026-07-24,Модест Артурович Гусев,8 066 417 9459,Набор органической косметики CareSet,Красота и уход,1,2600,0,2600,Доставлен и оплачен,Wildberries
WB-202607-0171,2026-07-24,Фаина Вячеславовна Пахомова,+7 150 221 3601,Умные часы FitPulse Max,Электроника,1,8300,0,8300,Ожидает оплаты,Ozon
WB-202607-0148,2026-07-25,Сидор Измаилович Елисеев,+78633334850,Набор органической косметики CareSet,Красота и уход,1,3600,180,3420,Доставлен и оплачен,VK Маркет
WB-202607-0222,2026-07-25,Агата Ефимовна Лазарева,8 808 896 98 29,Кабель USB-C - Lightning нейлон 1.5м,Аксессуары,1,800,0,800,Доставлен и оплачен,Авито
WB-202607-0157,2026-07-25,Глафира Васильевна Самсонова,8 (316) 562-4652,Кроссовки городские демисезон,Обувь,1,6300,315,5985,Доставлен и оплачен,Розничный магазин (офлайн)
WB-202607-0151,2026-07-25,Чернов Моисей Изотович,8 233 738 78 78,Защитное стекло Premium 9D,Аксессуары,3,300,45,855,Отменен клиентом,Wildberries
WB-202607-0235,2026-07-26,Казимир Арсенович Шашков,80609542383,Пауэрбанк 20000 mAh FastCharge,Электроника,2,2250,0,4500,В обработке,Wildberries
WB-202607-0081,2026-07-26,Козлова Варвара Филипповна,+76959818073,Футболка базовая оверсайз,Одежда,1,1450,0,1450,Возврат,Ozon
WB-202607-0208,2026-07-26,Платон Феликсович Зуев,+7 (138) 198-1705,Чехол для смартфона силиконовый,Аксессуары,1,650,20,630,Отменен клиентом,Авито
WB-202607-0129,2026-07-27,Прасковья Юрьевна Ширяева,8 (276) 539-47-44,Светодиодная лампа с диммером,Товары для дома,1,2850,0,2850,Доставлен и оплачен,Wildberries
WB-202607-0126,2026-07-27,Гусев Наркис Дмитриевич,+79741149193,Увлажнитель воздуха ультразвуковой,Товары для дома,1,3450,0,3450,В обработке,Wildberries
WB-202607-0001,2026-07-28,Мельников Поликарп Трофимович,89840772267,Футболка базовая оверсайз,Одежда,1,1600,48,1552,Отменен клиентом,Авито
WB-202607-0131,2026-07-28,Пелагея Николаевна Дорофеева,+77980957643,Кроссовки городские демисезон,Обувь,1,6600,0,6600,Доставлен и оплачен,Wildberries
WB-202607-0054,2026-07-28,Муравьев Макар Филиппович,8 852 821 86 23,Кабель USB-C - Lightning нейлон 1.5м,Аксессуары,1,500,0,500,Доставлен и оплачен,Авито
WB-202607-0183,2026-07-28,Исаева Анжела Кузьминична,8 042 614 39 16,Умные часы FitPulse Max,Электроника,1,5400,0,5400,Доставлен и оплачен,Розничный магазин (офлайн)
WB-202607-0069,2026-07-28,Суханов Петр Адрианович,8 978 302 0843,Термокружка вакуумная 500мл,Товары для дома,2,1000,0,2000,В обработке,Авито
WB-202607-0137,2026-07-29,Демид Геннадиевич Калинин,8 (687) 790-7880,Футболка базовая оверсайз,Одежда,1,1600,0,1600,Возврат,Розничный магазин (офлайн)
WB-202607-0029,2026-07-29,Акулина Романовна Юдина,8 (899) 757-8182,Термокружка вакуумная 500мл,Товары для дома,1,1000,0,1000,Отменен клиентом,Wildberries
WB-202607-0118,2026-07-31,Пестова Лукия Оскаровна,+7 528 286 00 21,Худи оверсайз хлопок,Одежда,2,4750,0,9500,Доставлен и оплачен,VK Маркет
WB-202607-0134,2026-07-31,Милица Николаевна Сидорова,+7 (632) 440-36-17,Пауэрбанк 20000 mAh FastCharge,Электроника,2,3200,0,6400,Доставлен и оплачен,Ozon
WB-202607-0141,2026-07-31,Ангелина Ефимовна Макарова,89380083036,Защитное стекло Premium 9D,Аксессуары,2,700,0,1400,Доставлен и оплачен,VK Маркет
WB-202608-0050,2026-08-01,Захарова Ираида Ниловна,87387524303,Кабель USB-C - Lightning нейлон 1.5м,Аксессуары,1,450,22,428,Доставлен и оплачен,Сайт (интернет-магазин)
WB-202608-0015,2026-08-01,Никитин Эдуард Иларионович,8 681 226 2975,Кроссовки городские демисезон,Обувь,1,7800,390,7410,Доставлен и оплачен,Ozon
WB-202608-0024,2026-08-02,Кулаков Мефодий Зиновьевич,+7 951 136 1718,Худи оверсайз хлопок,Одежда,2,3500,0,7000,Доставлен и оплачен,Ozon
WB-202608-0059,2026-08-02,Смирнова Нинель Аскольдовна,8 546 169 09 60,Беспроводные наушники X-Sound Pro,Электроника,1,6300,189,6111,Передан в доставку,Розничный магазин (офлайн)
WB-202608-0075,2026-08-03,Шилов Зиновий Филимонович,8 439 379 30 92,Худи оверсайз хлопок,Одежда,2,3600,360,6840,Доставлен и оплачен,Ozon
WB-202608-0123,2026-08-03,Зинаида Андреевна Мухина,8 (201) 699-77-19,Светодиодная лампа с диммером,Товары для дома,2,2200,0,4400,Доставлен и оплачен,VK Маркет
WB-202608-0008,2026-08-03,Давыд Ермолаевич Потапов,+7 842 790 8184,Худи оверсайз хлопок,Одежда,1,2850,86,2764,Доставлен и оплачен,Авито
WB-202608-0053,2026-08-03,Русакова Кира Яковлевна,8 (185) 311-22-45,Кроссовки городские демисезон,Обувь,1,8650,0,8650,Передан в доставку,Wildberries
WB-202608-0119,2026-08-04,Валерия Борисовна Гущина,8 909 191 79 74,Худи оверсайз хлопок,Одежда,1,4200,0,4200,Доставлен и оплачен,Розничный магазин (офлайн)
WB-202608-0185,2026-08-04,Марков Спиридон Фёдорович,8 866 269 9957,Светодиодная лампа с диммером,Товары для дома,1,1300,0,1300,Доставлен и оплачен,Ozon
WB-202608-0078,2026-08-04,Соломон Владиленович Дьячков,+7 812 158 29 09,Беспроводные наушники X-Sound Pro,Электроника,1,6600,0,6600,Доставлен и оплачен,Авито
WB-202608-0044,2026-08-04,Степан Викторович Григорьев,+77120416856,Кабель USB-C - Lightning нейлон 1.5м,Аксессуары,1,1000,0,1000,Отменен клиентом,Сайт (интернет-магазин)
WB-202608-0182,2026-08-05,Никандр Абрамович Козлов,+7 953 579 17 04,Худи оверсайз хлопок,Одежда,1,4500,0,4500,Возврат,Wildberries
WB-202608-0064,2026-08-05,Полина Анатольевна Борисова,+7 (453) 782-3009,Кабель USB-C - Lightning нейлон 1.5м,Аксессуары,2,600,60,1140,Ожидает оплаты,Розничный магазин (офлайн)
WB-202608-0012,2026-08-05,Иларион Демидович Брагин,+75799560651,Умные часы FitPulse Max,Электроника,3,5150,0,15450,Доставлен и оплачен,Ozon
WB-202608-0009,2026-08-05,Беляева Ираида Львовна,8 (778) 869-83-24,Набор органической косметики CareSet,Красота и уход,1,3200,0,3200,Доставлен и оплачен,Розничный магазин (офлайн)
WB-202608-0096,2026-08-06,Еремей Валерьевич Мартынов,8 (103) 331-5317,Пауэрбанк 20000 mAh FastCharge,Электроника,2,3900,234,7566,Доставлен и оплачен,Розничный магазин (офлайн)
WB-202608-0189,2026-08-07,Пестов Христофор Жоресович,8 519 192 94 30,Пауэрбанк 20000 mAh FastCharge,Электроника,1,2800,0,2800,В обработке,Авито
WB-202608-0167,2026-08-08,Авксентий Эдуардович Мишин,8 (323) 951-43-74,Пауэрбанк 20000 mAh FastCharge,Электроника,3,3600,540,10260,Отменен клиентом,Wildberries
WB-202608-0072,2026-08-09,Суханов Петр Адрианович,8 978 302 0843,Кроссовки городские демисезон,Обувь,2,7850,0,15700,Отменен клиентом,Сайт (интернет-магазин)
WB-202608-0192,2026-08-09,Ия Аркадьевна Калашникова,8 687 603 0283,Чехол для смартфона силиконовый,Аксессуары,1,450,0,450,Доставлен и оплачен,Ozon
WB-202608-0094,2026-08-10,Кошелев Кирилл Анисимович,+7 (712) 342-2494,Термокружка вакуумная 500мл,Товары для дома,1,1100,33,1067,Доставлен и оплачен,Ozon
WB-202608-0098,2026-08-10,Пестов Христофор Жоресович,8 519 192 94 30,Умные часы FitPulse Max,Электроника,3,9200,0,27600,Доставлен и оплачен,Сайт (интернет-магазин)
WB-202608-0172,2026-08-10,Ираида Дмитриевна Рожкова,8 113 316 4344,Защитное стекло Premium 9D,Аксессуары,2,550,33,1067,Доставлен и оплачен,Розничный магазин (офлайн)
WB-202608-0065,2026-08-11,Блохин Харлампий Филиппович,+7 992 648 3806,Крем восстанавливающий SPF 50,Красота и уход,1,1000,0,1000,Передан в доставку,Wildberries
WB-202608-0140,2026-08-11,Вышеслав Ефремович Матвеев,8 (698) 423-0035,Крем восстанавливающий SPF 50,Красота и уход,1,1650,0,1650,Доставлен и оплачен,Wildberries
WB-202608-0146,2026-08-12,Ратмир Харламович Богданов,+7 618 729 69 58,Худи оверсайз хлопок,Одежда,1,3750,0,3750,Доставлен и оплачен,Авито
WB-202608-0152,2026-08-12,Прасковья Святославовна Бобылева,8 462 850 73 00,Пауэрбанк 20000 mAh FastCharge,Электроника,2,2600,260,4940,Доставлен и оплачен,VK Маркет
WB-202608-0106,2026-08-13,Белова Любовь Тимофеевна,+7 644 372 94 36,Термокружка вакуумная 500мл,Товары для дома,2,1150,345,1955,В обработке,VK Маркет
WB-202608-0199,2026-08-13,Киселева Евгения Кирилловна,8 (789) 314-8647,Кабель USB-C - Lightning нейлон 1.5м,Аксессуары,1,600,30,570,Доставлен и оплачен,Сайт (интернет-магазин)
WB-202608-0042,2026-08-14,Пестов Христофор Жоресович,8 519 192 94 30,Набор органической косметики CareSet,Красота и уход,1,3100,155,2945,Доставлен и оплачен,Сайт (интернет-магазин)
WB-202608-0204,2026-08-14,Мартын Глебович Петров,81725234292,Умные часы FitPulse Max,Электроника,2,11450,0,22900,Доставлен и оплачен,Сайт (интернет-магазин)
WB-202608-0170,2026-08-15,Антип Ефимьевич Громов,+72933309196,Рюкзак городской водонепроницаемый,Аксессуары,1,2900,145,2755,Доставлен и оплачен,Сайт (интернет-магазин)
WB-202608-0063,2026-08-15,Полякова Валентина Леоновна,8 913 661 0077,Футболка базовая оверсайз,Одежда,1,1450,72,1378,Доставлен и оплачен,Wildberries
WB-202608-0165,2026-08-15,Ершов Илья Эдгардович,+7 (558) 104-2959,Увлажнитель воздуха ультразвуковой,Товары для дома,1,2800,84,2716,Доставлен и оплачен,Авито
WB-202608-0057,2026-08-15,Виктория Павловна Трофимова,8 985 032 6803,Рюкзак городской водонепроницаемый,Аксессуары,1,4550,136,4414,Передан в доставку,VK Маркет
WB-202608-0036,2026-08-16,Воробьева Наина Юльевна,80100399385,Рюкзак городской водонепроницаемый,Аксессуары,1,3350,0,3350,Доставлен и оплачен,Авито
WB-202608-0237,2026-08-16,Бобылев Софрон Игнатьевич,+7 191 851 5340,Набор органической косметики CareSet,Красота и уход,2,1700,510,2890,В обработке,Ozon
WB-202608-0109,2026-08-17,Кабанова Варвара Мироновна,8 767 918 9943,Рюкзак городской водонепроницаемый,Аксессуары,1,5450,545,4905,Отменен клиентом,Сайт (интернет-магазин)
WB-202608-0035,2026-08-17,Спартак Владленович Блохин,8 (076) 780-26-09,Рюкзак городской водонепроницаемый,Аксессуары,1,4850,0,4850,Доставлен и оплачен,Авито
WB-202608-0071,2026-08-17,Самсон Евсеевич Герасимов,8 (234) 055-03-78,Пауэрбанк 20000 mAh FastCharge,Электроника,1,1800,54,1746,Доставлен и оплачен,Розничный магазин (офлайн)
WB-202608-0013,2026-08-17,Модест Артурович Гусев,8 066 417 9459,Пауэрбанк 20000 mAh FastCharge,Электроника,1,2300,0,2300,Доставлен и оплачен,VK Маркет
WB-202608-0108,2026-08-17,Ксения Даниловна Петухова,+7 390 294 5794,Беспроводные наушники X-Sound Pro,Электроника,1,3800,0,3800,Ожидает оплаты,Wildberries
WB-202608-0084,2026-08-18,Епифан Даниилович Рогов,85471780866,Футболка базовая оверсайз,Одежда,2,1600,160,3040,В обработке,VK Маркет
WB-202608-0030,2026-08-18,Павлов Авксентий Ефстафьевич,8 (131) 842-03-74,Термокружка вакуумная 500мл,Товары для дома,2,1000,300,1700,Доставлен и оплачен,Авито
WB-202608-0090,2026-08-19,Вышеслав Ефремович Матвеев,8 (698) 423-0035,Термокружка вакуумная 500мл,Товары для дома,1,1850,56,1794,Доставлен и оплачен,Розничный магазин (офлайн)
WB-202608-0102,2026-08-19,Ксения Васильевна Логинова,8 476 164 34 22,Защитное стекло Premium 9D,Аксессуары,2,650,0,1300,Ожидает оплаты,Ozon
WB-202608-0236,2026-08-19,Власов Игорь Елизарович,+7 984 949 01 11,Увлажнитель воздуха ультразвуковой,Товары для дома,1,2800,0,2800,Доставлен и оплачен,Авито
WB-202608-0177,2026-08-19,Смирнова Нинель Аскольдовна,8 546 169 09 60,Худи оверсайз хлопок,Одежда,1,3100,0,3100,Доставлен и оплачен,Ozon
WB-202608-0048,2026-08-20,Федорова Полина Даниловна,+7 292 956 3145,Кабель USB-C - Lightning нейлон 1.5м,Аксессуары,1,550,0,550,Доставлен и оплачен,Wildberries
WB-202608-0214,2026-08-20,Фаина Вячеславовна Пахомова,+7 150 221 3601,Футболка базовая оверсайз,Одежда,3,1400,420,3780,Доставлен и оплачен,Wildberries
WB-202608-0179,2026-08-20,Иванна Алексеевна Виноградова,+7 441 232 8233,Термокружка вакуумная 500мл,Товары для дома,1,1400,70,1330,Доставлен и оплачен,Ozon
WB-202608-0087,2026-08-20,Ильин Никодим Феофанович,8 (872) 318-66-50,Кабель USB-C - Lightning нейлон 1.5м,Аксессуары,2,950,0,1900,Доставлен и оплачен,Wildberries
WB-202608-0159,2026-08-20,Баранов Сила Власович,+78693059064,Увлажнитель воздуха ультразвуковой,Товары для дома,1,3150,158,2992,В обработке,VK Маркет
WB-202608-0139,2026-08-20,Зинаида Андреевна Мухина,8 (201) 699-77-19,Худи оверсайз хлопок,Одежда,1,2900,290,2610,Доставлен и оплачен,Сайт (интернет-магазин)
WB-202608-0020,2026-08-20,Тихонова Марфа Тарасовна,8 727 173 8584,Кроссовки городские демисезон,Обувь,1,7700,385,7315,Доставлен и оплачен,Розничный магазин (офлайн)
WB-202608-0111,2026-08-21,Наталья Артемовна Горшкова,8 (493) 421-1258,Умные часы FitPulse Max,Электроника,4,9350,0,37400,Доставлен и оплачен,VK Маркет
WB-202608-0095,2026-08-21,Пелагея Викторовна Тетерина,+7 827 342 2120,Светодиодная лампа с диммером,Товары для дома,1,2550,76,2474,Передан в доставку,Ozon
WB-202608-0175,2026-08-21,Голубев Михей Яковлевич,+7 (723) 184-3974,Рюкзак городской водонепроницаемый,Аксессуары,1,2900,87,2813,Передан в доставку,Розничный магазин (офлайн)
WB-202608-0245,2026-08-21,Медведев Андроник Глебович,8 117 607 00 75,Рюкзак городской водонепроницаемый,Аксессуары,1,5250,262,4988,Возврат,Авито
WB-202608-0169,2026-08-21,Кудрявцев Ладимир Юльевич,+7 (904) 702-49-86,Увлажнитель воздуха ультразвуковой,Товары для дома,1,4700,141,4559,Доставлен и оплачен,VK Маркет
WB-202608-0089,2026-08-23,Бурова Олимпиада Ефимовна,8 101 809 9269,Умные часы FitPulse Max,Электроника,1,11400,570,10830,Доставлен и оплачен,Ozon
WB-202608-0006,2026-08-23,Сазонов Милий Харлампьевич,8 (890) 582-1643,Футболка базовая оверсайз,Одежда,1,1200,60,1140,Доставлен и оплачен,Wildberries
WB-202608-0176,2026-08-23,Наина Богдановна Корнилова,+7 (766) 247-05-05,Кроссовки городские демисезон,Обувь,3,7800,1170,22230,Доставлен и оплачен,Авито
WB-202608-0058,2026-08-23,Вацлав Валерьянович Давыдов,8 430 412 5013,Светодиодная лампа с диммером,Товары для дома,1,2100,0,2100,Отменен клиентом,Wildberries
WB-202608-0211,2026-08-23,Анна Кузьминична Гущина,84368570581,Защитное стекло Premium 9D,Аксессуары,1,700,21,679,Доставлен и оплачен,VK Маркет
WB-202608-0197,2026-08-23,Алла Андреевна Орлова,+73844982796,Увлажнитель воздуха ультразвуковой,Товары для дома,2,2550,510,4590,Ожидает оплаты,Авито
WB-202608-0223,2026-08-24,Полякова Валентина Леоновна,8 913 661 0077,Набор органической косметики CareSet,Красота и уход,1,3050,92,2958,Доставлен и оплачен,Сайт (интернет-магазин)
WB-202608-0233,2026-08-24,Алевтина Дмитриевна Дмитриева,+7 (682) 001-1241,Кабель USB-C - Lightning нейлон 1.5м,Аксессуары,1,1100,0,1100,Передан в доставку,Сайт (интернет-магазин)
WB-202608-0212,2026-08-24,Нонна Дмитриевна Алексеева,+7 (578) 184-0979,Светодиодная лампа с диммером,Товары для дома,1,2550,0,2550,Доставлен и оплачен,Ozon
WB-202608-0226,2026-08-24,Самойлов Всеслав Елисеевич,8 (901) 276-80-85,Увлажнитель воздуха ультразвуковой,Товары для дома,1,3300,0,3300,Отменен клиентом,Ozon
WB-202608-0062,2026-08-25,Флорентин Еремеевич Федоров,8 (082) 989-7505,Худи оверсайз хлопок,Одежда,3,3900,351,11349,Доставлен и оплачен,Wildberries
WB-202608-0144,2026-08-25,Маргарита Алексеевна Игнатова,80335587740,Футболка базовая оверсайз,Одежда,1,1350,202,1148,Доставлен и оплачен,Wildberries
WB-202608-0100,2026-08-25,Муравьев Макар Филиппович,8 852 821 86 23,Чехол для смартфона силиконовый,Аксессуары,1,800,40,760,Передан в доставку,VK Маркет
WB-202608-0115,2026-08-25,Ирина Аркадьевна Голубева,8 (507) 442-8560,Футболка базовая оверсайз,Одежда,2,2050,205,3895,Доставлен и оплачен,Ozon
WB-202608-0047,2026-08-26,Милица Богдановна Мартынова,+74769858798,Крем восстанавливающий SPF 50,Красота и уход,1,850,85,765,Доставлен и оплачен,Авито
WB-202608-0056,2026-08-26,Полякова Валентина Леоновна,8 913 661 0077,Пауэрбанк 20000 mAh FastCharge,Электроника,1,2050,0,2050,Доставлен и оплачен,Розничный магазин (офлайн)
WB-202608-0149,2026-08-26,Милен Григорьевич Савельев,8 211 794 19 93,Светодиодная лампа с диммером,Товары для дома,1,2750,0,2750,Доставлен и оплачен,Сайт (интернет-магазин)
WB-202608-0105,2026-08-27,Данилова Оксана Николаевна,8 (256) 379-8580,Кабель USB-C - Lightning нейлон 1.5м,Аксессуары,1,650,20,630,Доставлен и оплачен,Розничный магазин (офлайн)
WB-202608-0040,2026-08-27,Федоров Елизар Терентьевич,8 (878) 420-83-55,Термокружка вакуумная 500мл,Товары для дома,4,1550,186,6014,Доставлен и оплачен,Ozon
WB-202608-0122,2026-08-27,Агафонова Ангелина Аскольдовна,+7 605 799 64 68,Защитное стекло Premium 9D,Аксессуары,5,450,68,2182,Отменен клиентом,Сайт (интернет-магазин)
WB-202608-0010,2026-08-27,Гусев Наркис Дмитриевич,+79741149193,Набор органической косметики CareSet,Красота и уход,1,3250,0,3250,Передан в доставку,Сайт (интернет-магазин)
WB-202608-0067,2026-08-28,Кабанова Варвара Мироновна,8 767 918 9943,Рюкзак городской водонепроницаемый,Аксессуары,1,2950,0,2950,Доставлен и оплачен,Ozon
WB-202608-0215,2026-08-28,Автоном Григорьевич Родионов,+71202908447,Футболка базовая оверсайз,Одежда,1,950,0,950,Отменен клиентом,Сайт (интернет-магазин)
WB-202608-0037,2026-08-28,Пахомов Аким Данилович,8 635 638 69 84,Увлажнитель воздуха ультразвуковой,Товары для дома,1,3450,104,3346,Передан в доставку,VK Маркет
WB-202608-0070,2026-08-29,Федотова Майя Алексеевна,8 980 440 95 15,Пауэрбанк 20000 mAh FastCharge,Электроника,1,3800,190,3610,Доставлен и оплачен,Сайт (интернет-магазин)
WB-202608-0045,2026-08-29,Зинаида Андреевна Мухина,8 (201) 699-77-19,Термокружка вакуумная 500мл,Товары для дома,1,1200,36,1164,Передан в доставку,VK Маркет
WB-202608-0112,2026-08-29,Вышеслав Ефремович Матвеев,8 (698) 423-0035,Рюкзак городской водонепроницаемый,Аксессуары,3,3200,0,9600,Доставлен и оплачен,Сайт (интернет-магазин)
WB-202608-0145,2026-08-30,Нинель Макаровна Якушева,8 (733) 737-6350,Крем восстанавливающий SPF 50,Красота и уход,2,1150,0,2300,Передан в доставку,Авито
WB-202608-0156,2026-08-30,Осипов Олимпий Елизарович,+7 245 033 33 17,Кабель USB-C - Lightning нейлон 1.5м,Аксессуары,1,650,20,630,Доставлен и оплачен,VK Маркет
WB-202608-0178,2026-08-31,Наумов Сильвестр Денисович,8 (057) 589-55-72,Чехол для смартфона силиконовый,Аксессуары,5,500,0,2500,Доставлен и оплачен,Розничный магазин (офлайн)
WB-202608-0028,2026-08-31,Матвей Ермолаевич Блинов,8 854 004 1939,Кабель USB-C - Lightning нейлон 1.5м,Аксессуары,2,1100,330,1870,Доставлен и оплачен,Ozon
WB-202608-0046,2026-08-31,Кудряшов Михаил Васильевич,+7 (705) 618-6886,Пауэрбанк 20000 mAh FastCharge,Электроника,1,3800,0,3800,Доставлен и оплачен,Розничный магазин (офлайн)
WB-202608-0132,2026-08-31,Никитина Виктория Юльевна,8 (584) 132-7536,Рюкзак городской водонепроницаемый,Аксессуары,2,5350,0,10700,Доставлен и оплачен,Авито
WB-202609-0114,2026-09-01,Рожков Всемил Ярославович,8 (174) 536-19-07,Чехол для смартфона силиконовый,Аксессуары,1,500,0,500,Передан в доставку,VK Маркет
WB-202609-0164,2026-09-01,Кулаков Мефодий Зиновьевич,+7 951 136 1718,Набор органической косметики CareSet,Красота и уход,2,2200,0,4400,Доставлен и оплачен,Ozon
WB-202609-0154,2026-09-02,Автоном Григорьевич Родионов,+71202908447,Крем восстанавливающий SPF 50,Красота и уход,1,1650,0,1650,В обработке,VK Маркет
WB-202609-0248,2026-09-03,Беляков Емельян Фокич,8 949 749 9310,Пауэрбанк 20000 mAh FastCharge,Электроника,1,2250,0,2250,В обработке,Сайт (интернет-магазин)
WB-202609-0116,2026-09-03,Автоном Григорьевич Родионов,+71202908447,Рюкзак городской водонепроницаемый,Аксессуары,1,3500,0,3500,Доставлен и оплачен,Авито
WB-202609-0124,2026-09-03,Константинова Нина Степановна,8 (872) 450-8494,Термокружка вакуумная 500мл,Товары для дома,3,1200,180,3420,Передан в доставку,VK Маркет
WB-202609-0022,2026-09-03,Егоров Филарет Валерьянович,+7 (271) 499-66-97,Чехол для смартфона силиконовый,Аксессуары,1,450,14,436,Отменен клиентом,Сайт (интернет-магазин)
WB-202609-0092,2026-09-03,Вышеслав Ефремович Матвеев,8 (698) 423-0035,Худи оверсайз хлопок,Одежда,2,3350,335,6365,Отменен клиентом,Ozon
WB-202609-0014,2026-09-03,Октябрина Болеславовна Калашникова,+7 (021) 315-23-05,Футболка базовая оверсайз,Одежда,1,1450,44,1406,Передан в доставку,VK Маркет
WB-202609-0085,2026-09-03,Селиван Ефремович Семенов,+71292062750,Умные часы FitPulse Max,Электроника,2,10600,0,21200,Доставлен и оплачен,Розничный магазин (офлайн)
WB-202609-0113,2026-09-03,Владилен Демьянович Субботин,88527635410,Кроссовки городские демисезон,Обувь,1,6350,0,6350,Ожидает оплаты,Авито
WB-202609-0198,2026-09-04,Евлампий Ануфриевич Наумов,8 (164) 809-9396,Крем восстанавливающий SPF 50,Красота и уход,3,900,0,2700,Доставлен и оплачен,Ozon
WB-202609-0104,2026-09-05,Сергеева Олимпиада Богдановна,84295233477,Светодиодная лампа с диммером,Товары для дома,4,1750,210,6790,Доставлен и оплачен,Wildberries
WB-202609-0196,2026-09-06,Капитон Августович Соловьев,+7 277 587 4239,Термокружка вакуумная 500мл,Товары для дома,1,1850,0,1850,Доставлен и оплачен,Ozon
WB-202609-0200,2026-09-06,Вышеслав Ефремович Матвеев,8 (698) 423-0035,Крем восстанавливающий SPF 50,Красота и уход,1,1100,0,1100,В обработке,Авито
WB-202609-0083,2026-09-07,Дарья Борисовна Молчанова,+7 (997) 847-57-61,Увлажнитель воздуха ультразвуковой,Товары для дома,1,3000,150,2850,Передан в доставку,Сайт (интернет-магазин)
WB-202609-0168,2026-09-07,Калашников Сильвестр Борисович,+7 780 060 06 80,Футболка базовая оверсайз,Одежда,1,950,0,950,Возврат,Авито
WB-202609-0158,2026-09-08,Гаврилова Нинель Кузьминична,8 (142) 955-03-90,Набор органической косметики CareSet,Красота и уход,1,2300,115,2185,Доставлен и оплачен,Ozon
WB-202609-0217,2026-09-09,Антонина Семеновна Гусева,8 (990) 600-93-07,Увлажнитель воздуха ультразвуковой,Товары для дома,1,4250,212,4038,В обработке,Ozon
WB-202609-0174,2026-09-09,Яковлев Силантий Германович,+78927424693,Набор органической косметики CareSet,Красота и уход,1,3300,330,2970,Доставлен и оплачен,Авито
WB-202609-0194,2026-09-10,Фаина Вячеславовна Пахомова,+7 150 221 3601,Худи оверсайз хлопок,Одежда,1,5800,580,5220,В обработке,Ozon
WB-202609-0173,2026-09-10,Кудрявцев Ладимир Юльевич,+7 (904) 702-49-86,Пауэрбанк 20000 mAh FastCharge,Электроника,1,2650,0,2650,Доставлен и оплачен,Розничный магазин (офлайн)
WB-202609-0117,2026-09-10,Филатов Артем Филиппович,8 (413) 877-6737,Беспроводные наушники X-Sound Pro,Электроника,1,5550,832,4718,Доставлен и оплачен,Розничный магазин (офлайн)
WB-202609-0242,2026-09-10,Людмила Афанасьевна Самсонова,80690338301,Чехол для смартфона силиконовый,Аксессуары,1,800,24,776,В обработке,Сайт (интернет-магазин)
WB-202609-0016,2026-09-11,Захаров Дементий Яковлевич,89112054300,Набор органической косметики CareSet,Красота и уход,1,1800,270,1530,Доставлен и оплачен,Розничный магазин (офлайн)
WB-202609-0206,2026-09-11,Морозова Евфросиния Константиновна,8 (969) 171-1987,Кроссовки городские демисезон,Обувь,1,8650,0,8650,Доставлен и оплачен,Авито
WB-202609-0232,2026-09-11,Пономарева Анастасия Филипповна,8 (350) 699-93-23,Футболка базовая оверсайз,Одежда,2,1550,0,3100,Доставлен и оплачен,VK Маркет
WB-202609-0166,2026-09-11,Назаров Станимир Иосифович,8 061 204 2637,Умные часы FitPulse Max,Электроника,1,8700,0,8700,Передан в доставку,VK Маркет
WB-202609-0247,2026-09-11,Галина Мироновна Вишнякова,+7 (728) 342-67-65,Светодиодная лампа с диммером,Товары для дома,2,2600,520,4680,Доставлен и оплачен,Ozon
WB-202609-0195,2026-09-12,Владимиров Леон Ефремович,8 293 247 4750,Защитное стекло Premium 9D,Аксессуары,1,400,20,380,Доставлен и оплачен,Розничный магазин (офлайн)
WB-202609-0147,2026-09-13,Воробьева Наина Юльевна,80100399385,Чехол для смартфона силиконовый,Аксессуары,1,750,0,750,В обработке,Авито
WB-202609-0241,2026-09-13,Мария Руслановна Панфилова,8 (130) 095-0473,Крем восстанавливающий SPF 50,Красота и уход,4,900,180,3420,Доставлен и оплачен,Ozon
WB-202609-0093,2026-09-13,Сидор Измаилович Елисеев,+78633334850,Кабель USB-C - Lightning нейлон 1.5м,Аксессуары,1,1100,0,1100,Ожидает оплаты,Авито
WB-202609-0202,2026-09-14,Маркова Елизавета Рудольфовна,8 (880) 896-4751,Беспроводные наушники X-Sound Pro,Электроника,1,3650,0,3650,Доставлен и оплачен,Сайт (интернет-магазин)
WB-202609-0107,2026-09-15,Полякова Оксана Валентиновна,8 249 082 25 84,Беспроводные наушники X-Sound Pro,Электроника,1,7200,0,7200,Доставлен и оплачен,VK Маркет
WB-202609-0007,2026-09-15,Селезнева Эмилия Андреевна,+70139319612,Набор органической косметики CareSet,Красота и уход,2,3150,189,6111,Возврат,Wildberries
WB-202609-0021,2026-09-15,тов. Доронина Елизавета Романовна,+7 769 701 25 32,Кроссовки городские демисезон,Обувь,2,5950,0,11900,Ожидает оплаты,Wildberries
WB-202609-0244,2026-09-15,Фадеев Никандр Евсеевич,+7 (345) 807-0190,Защитное стекло Premium 9D,Аксессуары,1,350,52,298,Доставлен и оплачен,VK Маркет
WB-202609-0219,2026-09-15,Марфа Ивановна Юдина,84900356046,Защитное стекло Premium 9D,Аксессуары,1,700,0,700,Передан в доставку,VK Маркет
WB-202609-0207,2026-09-16,Анжела Тимуровна Суворова,+7 (179) 555-39-68,Набор органической косметики CareSet,Красота и уход,1,2650,132,2518,Передан в доставку,Wildberries
WB-202609-0218,2026-09-16,тов. Соколов Мартын Димитриевич,8 (194) 379-81-87,Крем восстанавливающий SPF 50,Красота и уход,5,1650,412,7838,Доставлен и оплачен,Wildberries
WB-202609-0243,2026-09-16,Галина Эдуардовна Вишнякова,8 915 366 3005,Футболка базовая оверсайз,Одежда,1,1250,125,1125,В обработке,Сайт (интернет-магазин)
WB-202609-0018,2026-09-16,Матвей Ермолаевич Блинов,8 854 004 1939,Кабель USB-C - Lightning нейлон 1.5м,Аксессуары,1,500,0,500,Доставлен и оплачен,VK Маркет
WB-202609-0017,2026-09-17,Тит Аверьянович Рогов,8 766 075 0970,Рюкзак городской водонепроницаемый,Аксессуары,2,3550,213,6887,Доставлен и оплачен,Wildberries
WB-202609-0205,2026-09-17,Никитин Любим Устинович,+7 (905) 822-2242,Кроссовки городские демисезон,Обувь,1,5600,280,5320,Доставлен и оплачен,Ozon
WB-202609-0240,2026-09-17,Степан Викторович Григорьев,+77120416856,Набор органической косметики CareSet,Красота и уход,1,2700,0,2700,Доставлен и оплачен,Розничный магазин (офлайн)
WB-202609-0153,2026-09-18,Феврония Филипповна Мартынова,+75764031731,Крем восстанавливающий SPF 50,Красота и уход,2,1600,0,3200,Доставлен и оплачен,Авито
WB-202609-0161,2026-09-18,Носкова Лукия Олеговна,8 (225) 062-68-05,Беспроводные наушники X-Sound Pro,Электроника,1,5600,168,5432,Отменен клиентом,Ozon
WB-202609-0051,2026-09-19,Дарья Евгеньевна Комиссарова,8 (124) 120-43-88,Кроссовки городские демисезон,Обувь,5,7600,1900,36100,Передан в доставку,Сайт (интернет-магазин)
WB-202609-0125,2026-09-19,Вениамин Ермилович Белов,+7 620 437 45 56,Защитное стекло Premium 9D,Аксессуары,1,550,16,534,Доставлен и оплачен,Авито
WB-202609-0136,2026-09-19,Самойлов Аким Венедиктович,8 (490) 055-0337,Кабель USB-C - Lightning нейлон 1.5м,Аксессуары,1,950,95,855,Доставлен и оплачен,VK Маркет
WB-202609-0230,2026-09-19,Дарья Борисовна Молчанова,+7 (997) 847-57-61,Крем восстанавливающий SPF 50,Красота и уход,1,1400,42,1358,Доставлен и оплачен,Авито
WB-202609-0135,2026-09-19,тов. Соколов Мартын Димитриевич,8 (194) 379-81-87,Светодиодная лампа с диммером,Товары для дома,2,1550,0,3100,Отменен клиентом,VK Маркет
WB-202609-0049,2026-09-19,Ульяна Федоровна Дементьева,+7 (861) 080-9850,Набор органической косметики CareSet,Красота и уход,2,2200,132,4268,Доставлен и оплачен,VK Маркет
