Код,Когда,Кто купил,Контакт,Что заказали,Шт,Прайс,Скинули,ИТОГО к оплате,Стадия,Точка продажи
ORD-202606-0034,22/06/2026 02:03,Михей Викентьевич Матвеев,+7 (161) 544-1660,Защитное стекло Premium 9D,2,900,90,810,В обработке,Сайт (интернет-магазин)
ORD-202606-0163,22/06/2026 17:10,Аверьян Игнатович Ковалев,8 853 535 0989,Светодиодная лампа с диммером,1,1600,240,1360,Передан в доставку,Сайт (интернет-магазин)
ORD-202606-0074,22/06/2026 20:15,Нонна Вадимовна Яковлева,+7 (359) 169-6075,Чехол для смартфона силиконовый,2,1300,130,1170,Доставлен и оплачен,Ozon
ORD-202606-0191,23/06/2026 22:29,Людмила Максимовна Муравьева,pelageja_67@rambler.ru,Защитное стекло Premium 9D,3,1950,,1950,Доставлен и оплачен,Розничный магазин (офлайн)
ORD-202606-0190,2026-06-24,Шашков Мефодий Гаврилович,+7 621 732 5227,Кроссовки городские демисезон,1,5100,,5100,Доставлен и оплачен,Авито
ORD-202606-0234,24/06/2026 20:07,Боброва Алевтина Эльдаровна,81797552067,Светодиодная лампа с диммером,1,1900,,1900,Отменен клиентом,Сайт (интернет-магазин)
ORD-202606-0055,25.06.2026,Ларионов Парфен Дмитриевич,bogdansuhanov@yahoo.com,Кабель USB-C - Lightning нейлон 1.5м,1,950,,950,Доставлен и оплачен,Wildberries
ORD-202606-0130,26.06.2026,Мартынов Валентин Вячеславович,firs77@mail.ru,Футболка базовая оверсайз,1,1300,,1300,В обработке,Авито
ORD-202606-0025,27.06.2026,Лукия Ивановна Архипова,+76499133761,Защитное стекло Premium 9D,4,1400,,1400,Отменен клиентом,Ozon
ORD-202606-0038,27.06.2026,Лихачев Амос Ануфриевич,8 (139) 311-24-01,Крем восстанавливающий SPF 50,1,1200,,1200,Доставлен и оплачен,VK Маркет
ORD-202606-0133,27/06/2026 13:10,Модест Артурович Гусев,8 066 417 9459,Футболка базовая оверсайз,1,1700,255,1445,Доставлен и оплачен,Сайт (интернет-магазин)
ORD-202606-0103,28.06.2026,Януарий Ануфриевич Рыбаков,8 (588) 959-2800,Набор органической косметики CareSet,1,3250,98,3152,Доставлен и оплачен,Розничный магазин (офлайн)
ORD-202606-0180,28.06.2026,Рюрик Давыдович Марков,dorofe_13@yahoo.com,Защитное стекло Premium 9D,1,400,,400,Отменен клиентом,Сайт (интернет-магазин)
ORD-202606-0155,2026-06-29,Селиверстов Наркис Федосеевич,julian_37@gmail.com,Кабель USB-C - Lightning нейлон 1.5м,1,1200,60,1140,Доставлен и оплачен,Ozon
ORD-202606-0120,2026-06-29,Лариса Вячеславовна Филатова,martjan76@mail.ru,Худи оверсайз хлопок,1,5800,870,4930,Отменен клиентом,Розничный магазин (офлайн)
ORD-202606-0216,29.06.2026,Ермаков Онуфрий Бориславович,+7 (831) 528-6631,Футболка базовая оверсайз,1,1150,115,1035,Доставлен и оплачен,Сайт (интернет-магазин)
ORD-202606-0188,30.06.2026,Нонна Юрьевна Титова,+72107150088,Термокружка вакуумная 500мл,5,4250,,4250,Передан в доставку,Розничный магазин (офлайн)
ORD-202606-0002,30.06.2026,Тимофеева Агафья Тимофеевна,+7 (337) 613-7867,Кроссовки городские демисезон,3,18450,,18450,Доставлен и оплачен,Ozon
ORD-202606-0249,30.06.2026,Пестов Христофор Жоресович,ribakovtvorimir@yahoo.com,Пауэрбанк 20000 mAh FastCharge,1,3100,310,2790,Доставлен и оплачен,Сайт (интернет-магазин)
ORD-202606-0229,30/06/2026 14:28,Надежда Наумовна Зуева,88876168660,Чехол для смартфона силиконовый,1,550,28,522,Передан в доставку,Сайт (интернет-магазин)
ORD-202606-0121,30.06.2026,Зинаида Макаровна Жукова,+7 (650) 472-0143,Чехол для смартфона силиконовый,1,800,,800,Доставлен и оплачен,Розничный магазин (офлайн)
ORD-202606-0239,2026-06-30,Меркушев Симон Евсеевич,+7 (025) 878-88-14,Пауэрбанк 20000 mAh FastCharge,2,6100,305,5795,Доставлен и оплачен,Wildberries
ORD-202607-0231,2026-07-01,Костина Евпраксия Святославовна,elise_13@hotmail.com,Рюкзак городской водонепроницаемый,1,3600,180,3420,Доставлен и оплачен,Розничный магазин (офлайн)
ORD-202607-0224,02/07/2026 02:16,Осипова Евпраксия Юльевна,8 (035) 099-6509,Увлажнитель воздуха ультразвуковой,1,2800,84,2716,Доставлен и оплачен,Wildberries
ORD-202607-0150,02.07.2026,Оксана Богдановна Крылова,8 (475) 665-05-01,Термокружка вакуумная 500мл,1,1450,44,1406,Доставлен и оплачен,Ozon
ORD-202607-0003,2026-07-02,Вера Федоровна Васильева,8 (580) 887-26-28,Беспроводные наушники X-Sound Pro,2,13800,690,13110,Доставлен и оплачен,Wildberries
ORD-202607-0142,02.07.2026,Кудрявцев Ладимир Юльевич,ponomarevjakov@mail.ru,Термокружка вакуумная 500мл,1,1450,,1450,Ожидает оплаты,Wildberries
ORD-202607-0061,2026-07-02,Валентина Петровна Силина,8 (350) 267-7084,Кабель USB-C - Lightning нейлон 1.5м,1,450,,450,Отменен клиентом,Розничный магазин (офлайн)
ORD-202607-0221,2026-07-03,Капитон Алексеевич Герасимов,silinatamara@yahoo.com,Защитное стекло Premium 9D,1,600,,600,Возврат,Wildberries
ORD-202607-0091,03.07.2026,Евфросиния Оскаровна Шубина,gorshkovtrofim@hotmail.com,Кроссовки городские демисезон,2,16900,,16900,Доставлен и оплачен,VK Маркет
ORD-202607-0086,03.07.2026,Субботин Парамон Гавриилович,tarasovantonin@yandex.ru,Беспроводные наушники X-Sound Pro,2,8700,870,7830,Доставлен и оплачен,Wildberries
ORD-202607-0181,03.07.2026,Виноградова Милица Дмитриевна,+72249697934,Кроссовки городские демисезон,5,21500,,21500,Передан в доставку,Розничный магазин (офлайн)
ORD-202607-0250,03.07.2026,Мишина Прасковья Кирилловна,+79139381087,Крем восстанавливающий SPF 50,2,2200,66,2134,Доставлен и оплачен,Wildberries
ORD-202607-0011,05.07.2026,Дарья Наумовна Селезнева,80737799913,Защитное стекло Premium 9D,3,2100,,2100,Передан в доставку,Розничный магазин (офлайн)
ORD-202607-0213,05/07/2026 09:50,Селиверст Еремеевич Сорокин,8 928 262 84 82,Кабель USB-C - Lightning нейлон 1.5м,1,650,,650,Передан в доставку,VK Маркет
ORD-202607-0220,05.07.2026,Устинова Синклитикия Вячеславовна,+7 890 074 4362,Кроссовки городские демисезон,1,7550,,7550,Передан в доставку,Авито
ORD-202607-0066,05.07.2026,Наумов Сильвестр Денисович,8 (057) 589-55-72,Набор органической косметики CareSet,2,4400,132,4268,Доставлен и оплачен,Ozon
ORD-202607-0026,05/07/2026 20:01,Кулаков Мефодий Зиновьевич,+7 951 136 1718,Беспроводные наушники X-Sound Pro,1,7250,725,6525,В обработке,Wildberries
ORD-202607-0080,2026-07-06,Парамон Анисимович Давыдов,ostromirkiselev@rambler.ru,Кабель USB-C - Lightning нейлон 1.5м,1,800,,800,Доставлен и оплачен,Розничный магазин (офлайн)
ORD-202607-0076,06.07.2026,Воробьева Наина Юльевна,80100399385,Светодиодная лампа с диммером,1,2550,382,2168,Передан в доставку,Wildberries
ORD-202607-0187,07/07/2026 11:23,Мишина Прасковья Кирилловна,+79139381087,Беспроводные наушники X-Sound Pro,4,16400,492,15908,В обработке,Ozon
ORD-202607-0203,07.07.2026,Меркушева Прасковья Харитоновна,alinapotapova@hotmail.com,Пауэрбанк 20000 mAh FastCharge,1,3100,155,2945,Передан в доставку,Розничный магазин (офлайн)
ORD-202607-0039,08/07/2026 12:11,Степан Викторович Григорьев,+77120416856,Умные часы FitPulse Max,1,10150,508,9642,Доставлен и оплачен,Сайт (интернет-магазин)
ORD-202607-0238,08.07.2026,Зинаида Степановна Смирнова,8 385 467 34 03,Крем восстанавливающий SPF 50,1,1250,,1250,Доставлен и оплачен,Авито
ORD-202607-0101,08.07.2026,Куприян Дорофеевич Горбачев,+71332557963,Увлажнитель воздуха ультразвуковой,1,4150,,4150,Доставлен и оплачен,Розничный магазин (офлайн)
ORD-202607-0082,08.07.2026,Субботин Ипат Фёдорович,8 607 814 4807,Увлажнитель воздуха ультразвуковой,1,2250,,2250,Доставлен и оплачен,Сайт (интернет-магазин)
ORD-202607-0127,09/07/2026 07:36,Будимир Марсович Дроздов,8 (106) 041-2328,Пауэрбанк 20000 mAh FastCharge,1,3750,112,3638,Доставлен и оплачен,VK Маркет
ORD-202607-0160,09/07/2026 08:10,Терентьева Екатерина Егоровна,+7 (380) 524-91-22,Кабель USB-C - Lightning нейлон 1.5м,2,2200,,2200,Доставлен и оплачен,Сайт (интернет-магазин)
ORD-202607-0193,2026-07-10,Сорокина Милица Афанасьевна,8 (784) 448-9248,Защитное стекло Premium 9D,4,2200,330,1870,Возврат,Розничный магазин (офлайн)
ORD-202607-0043,2026-07-10,Спартак Владленович Блохин,8 (076) 780-26-09,Беспроводные наушники X-Sound Pro,1,7150,1072,6078,Доставлен и оплачен,Wildberries
ORD-202607-0005,10.07.2026,Филиппова Милица Вячеславовна,8 404 944 07 72,Увлажнитель воздуха ультразвуковой,1,3600,,3600,Доставлен и оплачен,VK Маркет
ORD-202607-0019,2026-07-10,Матвей Ермолаевич Блинов,8 854 004 1939,Пауэрбанк 20000 mAh FastCharge,1,2000,,2000,Передан в доставку,Розничный магазин (офлайн)
ORD-202607-0201,11/07/2026 08:28,Мишина Прасковья Кирилловна,+79139381087,Беспроводные наушники X-Sound Pro,1,7400,222,7178,Возврат,Ozon
ORD-202607-0068,11/07/2026 08:56,,+7 (158) 733-35-84,Набор органической косметики CareSet,2,7100,,7100,Доставлен и оплачен,Ozon
ORD-202607-0186,2026-07-11,Пономарева Анастасия Филипповна,anani_2026@gmail.com,Рюкзак городской водонепроницаемый,1,4350,,4350,Доставлен и оплачен,Авито
ORD-202607-0031,11.07.2026,Самойлов Аким Венедиктович,8 (490) 055-0337,Пауэрбанк 20000 mAh FastCharge,1,2750,82,2668,Ожидает оплаты,Авито
ORD-202607-0033,11.07.2026,Спартак Владленович Блохин,8 (076) 780-26-09,Футболка базовая оверсайз,1,1750,,1750,Доставлен и оплачен,Авито
ORD-202607-0209,12.07.2026,Беспалова Виктория Ждановна,anike45@yandex.ru,Защитное стекло Premium 9D,2,1300,,1300,Доставлен и оплачен,Ozon
ORD-202607-0041,2026-07-12,Орлова Ульяна Семеновна,oktjabrinabelozerova@hotmail.com,Светодиодная лампа с диммером,2,4700,235,4465,Доставлен и оплачен,VK Маркет
ORD-202607-0210,2026-07-13,Гедеон Матвеевич Федоров,+7 (791) 643-67-33,Светодиодная лампа с диммером,1,1850,,1850,Доставлен и оплачен,Сайт (интернет-магазин)
ORD-202607-0128,2026-07-14,Капитон Алексеевич Герасимов,+7 (758) 664-6720,Рюкзак городской водонепроницаемый,2,9200,,9200,Доставлен и оплачен,Сайт (интернет-магазин)
ORD-202607-0097,14/07/2026 08:05,Рогов Святослав Филимонович,+75210147093,Худи оверсайз хлопок,1,3700,185,3515,Доставлен и оплачен,Ozon
ORD-202607-0138,14/07/2026 19:14,Фаина Вячеславовна Пахомова,+7 150 221 3601,Футболка базовая оверсайз,4,3600,108,3492,В обработке,VK Маркет
ORD-202607-0162,15.07.2026,Фаина Павловна Никифорова,konstantinovaalevtina@yahoo.com,Пауэрбанк 20000 mAh FastCharge,1,3850,,3850,В обработке,VK Маркет
ORD-202607-0110,2026-07-15,Анжела Андреевна Матвеева,8 (777) 936-5533,Умные часы FitPulse Max,1,11750,1175,10575,Доставлен и оплачен,VK Маркет
ORD-202607-0032,15/07/2026 17:22,Иван Харламович Шестаков,8 201 866 9438,Беспроводные наушники X-Sound Pro,2,13800,690,13110,Доставлен и оплачен,Сайт (интернет-магазин)
ORD-202607-0079,15/07/2026 17:59,Алина Рубеновна Кондратьева,emilijasidorova@rambler.ru,Увлажнитель воздуха ультразвуковой,1,4400,,4400,Доставлен и оплачен,Wildberries
ORD-202607-0073,2026-07-15,Кондрат Андреевич Мишин,8 (248) 662-0284,Рюкзак городской водонепроницаемый,2,5300,265,5035,В обработке,Wildberries
ORD-202607-0143,16.07.2026,Ольга Феликсовна Воронова,86777077154,Умные часы FitPulse Max,1,8500,255,8245,Доставлен и оплачен,Сайт (интернет-магазин)
ORD-202607-0060,2026-07-16,Щукин Василий Димитриевич,8 (726) 624-8349,Кроссовки городские демисезон,1,8650,,8650,Доставлен и оплачен,Авито
ORD-202607-0027,16/07/2026 21:22,Маргарита Болеславовна Орехова,+72050281330,Худи оверсайз хлопок,2,8600,,8600,В обработке,VK Маркет
ORD-202607-0088,17.07.2026,Пелагея Викторовна Тетерина,+7 827 342 2120,Рюкзак городской водонепроницаемый,1,2500,,2500,Возврат,VK Маркет
ORD-202607-0004,2026-07-17,Андреева Лариса Захаровна,8 252 972 3693,Светодиодная лампа с диммером,2,4400,132,4268,Возврат,VK Маркет
ORD-202607-0077,18.07.2026,Ульяна Романовна Елисеева,+7 537 605 17 05,Беспроводные наушники X-Sound Pro,2,10400,1040,9360,Доставлен и оплачен,Wildberries
ORD-202607-0023,20.07.2026,Пономарева Анастасия Филипповна,anani_2026@gmail.com,Чехол для смартфона силиконовый,5,1750,52,1698,Доставлен и оплачен,Розничный магазин (офлайн)
ORD-202607-0184,20/07/2026 21:10,Исаков Модест Харлампьевич,8 968 744 7401,Чехол для смартфона силиконовый,2,1100,,1100,Доставлен и оплачен,Розничный магазин (офлайн)
ORD-202607-0227,2026-07-21,Дарья Борисовна Молчанова,ijasharapova@rambler.ru,Футболка базовая оверсайз,1,1550,,1550,Доставлен и оплачен,Wildberries
ORD-202607-0225,22.07.2026,Мишина Прасковья Кирилловна,evseevavasilisa@yahoo.com,Светодиодная лампа с диммером,1,1550,,1550,Отменен клиентом,Авито
ORD-202607-0246,2026-07-23,Всеволод Владиславович Белозеров,8 (800) 550-82-46,Увлажнитель воздуха ультразвуковой,1,3650,110,3540,Передан в доставку,Wildberries
ORD-202607-0052,2026-07-23,Вероника Альбертовна Шарова,+7 816 876 41 10,Футболка базовая оверсайз,1,1900,,1900,Доставлен и оплачен,VK Маркет
ORD-202607-0099,2026-07-23,Андрей Валерианович Яковлев,8 (188) 236-33-69,Умные часы FitPulse Max,1,9100,273,8827,Доставлен и оплачен,VK Маркет
ORD-202607-0228,24.07.2026,Модест Артурович Гусев,8 066 417 9459,Набор органической косметики CareSet,1,2600,,2600,Доставлен и оплачен,Wildberries
ORD-202607-0171,2026-07-24,Фаина Вячеславовна Пахомова,lvishnjakova@yahoo.com,Умные часы FitPulse Max,1,8300,,8300,Ожидает оплаты,Ozon
ORD-202607-0148,2026-07-25,Сидор Измаилович Елисеев,sinklitikijanikolaeva@gmail.com,Набор органической косметики CareSet,1,3600,180,3420,Доставлен и оплачен,VK Маркет
ORD-202607-0222,2026-07-25,Агата Ефимовна Лазарева,8 808 896 98 29,Кабель USB-C - Lightning нейлон 1.5м,1,800,,800,Доставлен и оплачен,Авито
ORD-202607-0157,2026-07-25,Глафира Васильевна Самсонова,8 (316) 562-4652,Кроссовки городские демисезон,1,6300,315,5985,Доставлен и оплачен,Розничный магазин (офлайн)
ORD-202607-0151,2026-07-25,Чернов Моисей Изотович,8 233 738 78 78,Защитное стекло Premium 9D,3,900,45,855,Отменен клиентом,Wildberries
ORD-202607-0235,26.07.2026,Казимир Арсенович Шашков,80609542383,Пауэрбанк 20000 mAh FastCharge,2,4500,,4500,В обработке,Wildberries
ORD-202607-0081,2026-07-26,Козлова Варвара Филипповна,julijabaranova@gmail.com,Футболка базовая оверсайз,1,1450,,1450,Возврат,Ozon
ORD-202607-0208,26.07.2026,Платон Феликсович Зуев,+7 (138) 198-1705,Чехол для смартфона силиконовый,1,650,20,630,Отменен клиентом,Авито
ORD-202607-0129,27/07/2026 00:45,Прасковья Юрьевна Ширяева,8 (276) 539-47-44,Светодиодная лампа с диммером,1,2850,,2850,Доставлен и оплачен,Wildberries
ORD-202607-0126,2026-07-27,Гусев Наркис Дмитриевич,bogdanovaregina@hotmail.com,Увлажнитель воздуха ультразвуковой,1,3450,,3450,В обработке,Wildberries
ORD-202607-0001,2026-07-28,Мельников Поликарп Трофимович,89840772267,Футболка базовая оверсайз,1,1600,48,1552,Отменен клиентом,Авито
ORD-202607-0131,28/07/2026 06:47,,shestakovaveronika@yahoo.com,Кроссовки городские демисезон,1,6600,,6600,Доставлен и оплачен,Wildberries
ORD-202607-0054,28.07.2026,Муравьев Макар Филиппович,8 852 821 86 23,Кабель USB-C - Lightning нейлон 1.5м,1,500,,500,Доставлен и оплачен,Авито
ORD-202607-0183,28.07.2026,Исаева Анжела Кузьминична,8 042 614 39 16,Умные часы FitPulse Max,1,5400,,5400,Доставлен и оплачен,Розничный магазин (офлайн)
ORD-202607-0069,28/07/2026 22:25,Суханов Петр Адрианович,8 978 302 0843,Термокружка вакуумная 500мл,2,2000,,2000,В обработке,Авито
ORD-202607-0137,29.07.2026,,8 (687) 790-7880,Футболка базовая оверсайз,1,1600,,1600,Возврат,Розничный магазин (офлайн)
ORD-202607-0029,29/07/2026 22:07,Акулина Романовна Юдина,8 (899) 757-8182,Термокружка вакуумная 500мл,1,1000,,1000,Отменен клиентом,Wildberries
ORD-202607-0118,31/07/2026 05:06,Пестова Лукия Оскаровна,+7 528 286 00 21,Худи оверсайз хлопок,2,9500,,9500,Доставлен и оплачен,VK Маркет
ORD-202607-0134,31.07.2026,Милица Николаевна Сидорова,+7 (632) 440-36-17,Пауэрбанк 20000 mAh FastCharge,2,6400,,6400,Доставлен и оплачен,Ozon
ORD-202607-0141,31/07/2026 16:10,Ангелина Ефимовна Макарова,89380083036,Защитное стекло Premium 9D,2,1400,,1400,Доставлен и оплачен,VK Маркет
ORD-202608-0050,2026-08-01,Захарова Ираида Ниловна,87387524303,Кабель USB-C - Lightning нейлон 1.5м,1,450,22,428,Доставлен и оплачен,Сайт (интернет-магазин)
ORD-202608-0015,2026-08-01,Никитин Эдуард Иларионович,8 681 226 2975,Кроссовки городские демисезон,1,7800,390,7410,Доставлен и оплачен,Ozon
ORD-202608-0024,02/08/2026 02:10,Кулаков Мефодий Зиновьевич,+7 951 136 1718,Худи оверсайз хлопок,2,7000,,7000,Доставлен и оплачен,Ozon
ORD-202608-0059,02/08/2026 23:24,Смирнова Нинель Аскольдовна,fominspartak@hotmail.com,Беспроводные наушники X-Sound Pro,1,6300,189,6111,Передан в доставку,Розничный магазин (офлайн)
ORD-202608-0075,03.08.2026,,8 439 379 30 92,Худи оверсайз хлопок,2,7200,360,6840,Доставлен и оплачен,Ozon
ORD-202608-0123,03/08/2026 06:36,Зинаида Андреевна Мухина,8 (201) 699-77-19,Светодиодная лампа с диммером,2,4400,,4400,Доставлен и оплачен,VK Маркет
ORD-202608-0008,03.08.2026,,+7 842 790 8184,Худи оверсайз хлопок,1,2850,86,2764,Доставлен и оплачен,Авито
ORD-202608-0053,03/08/2026 16:31,Русакова Кира Яковлевна,angelinakotova@rambler.ru,Кроссовки городские демисезон,1,8650,,8650,Передан в доставку,Wildberries
ORD-202608-0119,04/08/2026 02:01,Валерия Борисовна Гущина,dtarasova@gmail.com,Худи оверсайз хлопок,1,4200,,4200,Доставлен и оплачен,Розничный магазин (офлайн)
ORD-202608-0185,2026-08-04,Марков Спиридон Фёдорович,8 866 269 9957,Светодиодная лампа с диммером,1,1300,,1300,Доставлен и оплачен,Ozon
ORD-202608-0078,2026-08-04,Соломон Владиленович Дьячков,+7 812 158 29 09,Беспроводные наушники X-Sound Pro,1,6600,,6600,Доставлен и оплачен,Авито
ORD-202608-0044,04/08/2026 18:41,Степан Викторович Григорьев,+77120416856,Кабель USB-C - Lightning нейлон 1.5м,1,1000,,1000,Отменен клиентом,Сайт (интернет-магазин)
ORD-202608-0182,2026-08-05,Никандр Абрамович Козлов,+7 953 579 17 04,Худи оверсайз хлопок,1,4500,,4500,Возврат,Wildberries
ORD-202608-0064,05.08.2026,Полина Анатольевна Борисова,+7 (453) 782-3009,Кабель USB-C - Lightning нейлон 1.5м,2,1200,60,1140,Ожидает оплаты,Розничный магазин (офлайн)
ORD-202608-0012,05/08/2026 08:41,Иларион Демидович Брагин,+75799560651,Умные часы FitPulse Max,3,15450,,15450,Доставлен и оплачен,Ozon
ORD-202608-0009,05/08/2026 22:40,Беляева Ираида Львовна,8 (778) 869-83-24,Набор органической косметики CareSet,1,3200,,3200,Доставлен и оплачен,Розничный магазин (офлайн)
ORD-202608-0096,06/08/2026 19:00,Еремей Валерьевич Мартынов,ivandenisov@rambler.ru,Пауэрбанк 20000 mAh FastCharge,2,7800,234,7566,Доставлен и оплачен,Розничный магазин (офлайн)
ORD-202608-0189,07.08.2026,Пестов Христофор Жоресович,8 519 192 94 30,Пауэрбанк 20000 mAh FastCharge,1,2800,,2800,В обработке,Авито
ORD-202608-0167,2026-08-08,Авксентий Эдуардович Мишин,8 (323) 951-43-74,Пауэрбанк 20000 mAh FastCharge,3,10800,540,10260,Отменен клиентом,Wildberries
ORD-202608-0072,09.08.2026,Суханов Петр Адрианович,bobrovaija@yahoo.com,Кроссовки городские демисезон,2,15700,,15700,Отменен клиентом,Сайт (интернет-магазин)
ORD-202608-0192,2026-08-09,Ия Аркадьевна Калашникова,8 687 603 0283,Чехол для смартфона силиконовый,1,450,,450,Доставлен и оплачен,Ozon
ORD-202608-0094,10.08.2026,Кошелев Кирилл Анисимович,+7 (712) 342-2494,Термокружка вакуумная 500мл,1,1100,33,1067,Доставлен и оплачен,Ozon
ORD-202608-0098,2026-08-10,Пестов Христофор Жоресович,8 519 192 94 30,Умные часы FitPulse Max,3,27600,,27600,Доставлен и оплачен,Сайт (интернет-магазин)
ORD-202608-0172,10/08/2026 21:37,Ираида Дмитриевна Рожкова,8 113 316 4344,Защитное стекло Premium 9D,2,1100,33,1067,Доставлен и оплачен,Розничный магазин (офлайн)
ORD-202608-0065,2026-08-11,Блохин Харлампий Филиппович,+7 992 648 3806,Крем восстанавливающий SPF 50,1,1000,,1000,Передан в доставку,Wildberries
ORD-202608-0140,11.08.2026,Вышеслав Ефремович Матвеев,lobanovevse@hotmail.com,Крем восстанавливающий SPF 50,1,1650,,1650,Доставлен и оплачен,Wildberries
ORD-202608-0146,12.08.2026,Ратмир Харламович Богданов,+7 618 729 69 58,Худи оверсайз хлопок,1,3750,,3750,Доставлен и оплачен,Авито
ORD-202608-0152,2026-08-12,Прасковья Святославовна Бобылева,8 462 850 73 00,Пауэрбанк 20000 mAh FastCharge,2,5200,260,4940,Доставлен и оплачен,VK Маркет
ORD-202608-0106,2026-08-13,Белова Любовь Тимофеевна,juvenalivladimirov@mail.ru,Термокружка вакуумная 500мл,2,2300,345,1955,В обработке,VK Маркет
ORD-202608-0199,13.08.2026,Киселева Евгения Кирилловна,8 (789) 314-8647,Кабель USB-C - Lightning нейлон 1.5м,1,600,30,570,Доставлен и оплачен,Сайт (интернет-магазин)
ORD-202608-0042,14.08.2026,Пестов Христофор Жоресович,ribakovtvorimir@yahoo.com,Набор органической косметики CareSet,1,3100,155,2945,Доставлен и оплачен,Сайт (интернет-магазин)
ORD-202608-0204,14.08.2026,Мартын Глебович Петров,81725234292,Умные часы FitPulse Max,2,22900,,22900,Доставлен и оплачен,Сайт (интернет-магазин)
ORD-202608-0170,15.08.2026,Антип Ефимьевич Громов,+72933309196,Рюкзак городской водонепроницаемый,1,2900,145,2755,Доставлен и оплачен,Сайт (интернет-магазин)
ORD-202608-0063,15.08.2026,Полякова Валентина Леоновна,8 913 661 0077,Футболка базовая оверсайз,1,1450,72,1378,Доставлен и оплачен,Wildberries
ORD-202608-0165,15.08.2026,Ершов Илья Эдгардович,+7 (558) 104-2959,Увлажнитель воздуха ультразвуковой,1,2800,84,2716,Доставлен и оплачен,Авито
ORD-202608-0057,15.08.2026,Виктория Павловна Трофимова,8 985 032 6803,Рюкзак городской водонепроницаемый,1,4550,136,4414,Передан в доставку,VK Маркет
ORD-202608-0036,2026-08-16,Воробьева Наина Юльевна,fomingavrila@yahoo.com,Рюкзак городской водонепроницаемый,1,3350,,3350,Доставлен и оплачен,Авито
ORD-202608-0237,16/08/2026 19:42,Бобылев Софрон Игнатьевич,+7 191 851 5340,Набор органической косметики CareSet,2,3400,510,2890,В обработке,Ozon
ORD-202608-0109,17.08.2026,Кабанова Варвара Мироновна,ykapustin@yahoo.com,Рюкзак городской водонепроницаемый,1,5450,545,4905,Отменен клиентом,Сайт (интернет-магазин)
ORD-202608-0035,17/08/2026 15:41,Спартак Владленович Блохин,sevastjan49@rambler.ru,Рюкзак городской водонепроницаемый,1,4850,,4850,Доставлен и оплачен,Авито
ORD-202608-0071,17.08.2026,,8 (234) 055-03-78,Пауэрбанк 20000 mAh FastCharge,1,1800,54,1746,Доставлен и оплачен,Розничный магазин (офлайн)
ORD-202608-0013,17/08/2026 20:54,Модест Артурович Гусев,8 066 417 9459,Пауэрбанк 20000 mAh FastCharge,1,2300,,2300,Доставлен и оплачен,VK Маркет
ORD-202608-0108,2026-08-17,Ксения Даниловна Петухова,+7 390 294 5794,Беспроводные наушники X-Sound Pro,1,3800,,3800,Ожидает оплаты,Wildberries
ORD-202608-0084,2026-08-18,Епифан Даниилович Рогов,85471780866,Футболка базовая оверсайз,2,3200,160,3040,В обработке,VK Маркет
ORD-202608-0030,18/08/2026 21:19,Павлов Авксентий Ефстафьевич,8 (131) 842-03-74,Термокружка вакуумная 500мл,2,2000,300,1700,Доставлен и оплачен,Авито
ORD-202608-0090,19/08/2026 00:59,Вышеслав Ефремович Матвеев,lobanovevse@hotmail.com,Термокружка вакуумная 500мл,1,1850,56,1794,Доставлен и оплачен,Розничный магазин (офлайн)
ORD-202608-0102,2026-08-19,Ксения Васильевна Логинова,8 476 164 34 22,Защитное стекло Premium 9D,2,1300,,1300,Ожидает оплаты,Ozon
ORD-202608-0236,19.08.2026,Власов Игорь Елизарович,+7 984 949 01 11,Увлажнитель воздуха ультразвуковой,1,2800,,2800,Доставлен и оплачен,Авито
ORD-202608-0177,2026-08-19,Смирнова Нинель Аскольдовна,fominspartak@hotmail.com,Худи оверсайз хлопок,1,3100,,3100,Доставлен и оплачен,Ozon
ORD-202608-0048,20/08/2026 04:53,Федорова Полина Даниловна,+7 292 956 3145,Кабель USB-C - Lightning нейлон 1.5м,1,550,,550,Доставлен и оплачен,Wildberries
ORD-202608-0214,20.08.2026,Фаина Вячеславовна Пахомова,+7 150 221 3601,Футболка базовая оверсайз,3,4200,420,3780,Доставлен и оплачен,Wildberries
ORD-202608-0179,2026-08-20,Иванна Алексеевна Виноградова,+7 441 232 8233,Термокружка вакуумная 500мл,1,1400,70,1330,Доставлен и оплачен,Ozon
ORD-202608-0087,20/08/2026 16:32,Ильин Никодим Феофанович,8 (872) 318-66-50,Кабель USB-C - Lightning нейлон 1.5м,2,1900,,1900,Доставлен и оплачен,Wildberries
ORD-202608-0159,2026-08-20,Баранов Сила Власович,+78693059064,Увлажнитель воздуха ультразвуковой,1,3150,158,2992,В обработке,VK Маркет
ORD-202608-0139,2026-08-20,Зинаида Андреевна Мухина,praskovjaershova@yahoo.com,Худи оверсайз хлопок,1,2900,290,2610,Доставлен и оплачен,Сайт (интернет-магазин)
ORD-202608-0020,2026-08-20,Тихонова Марфа Тарасовна,8 727 173 8584,Кроссовки городские демисезон,1,7700,385,7315,Доставлен и оплачен,Розничный магазин (офлайн)
ORD-202608-0111,21.08.2026,Наталья Артемовна Горшкова,8 (493) 421-1258,Умные часы FitPulse Max,4,37400,,37400,Доставлен и оплачен,VK Маркет
ORD-202608-0095,21.08.2026,Пелагея Викторовна Тетерина,+7 827 342 2120,Светодиодная лампа с диммером,1,2550,76,2474,Передан в доставку,Ozon
ORD-202608-0175,21.08.2026,Голубев Михей Яковлевич,prohorovmilan@hotmail.com,Рюкзак городской водонепроницаемый,1,2900,87,2813,Передан в доставку,Розничный магазин (офлайн)
ORD-202608-0245,21.08.2026,Медведев Андроник Глебович,8 117 607 00 75,Рюкзак городской водонепроницаемый,1,5250,262,4988,Возврат,Авито
ORD-202608-0169,21/08/2026 14:46,Кудрявцев Ладимир Юльевич,+7 (904) 702-49-86,Увлажнитель воздуха ультразвуковой,1,4700,141,4559,Доставлен и оплачен,VK Маркет
ORD-202608-0089,23.08.2026,Бурова Олимпиада Ефимовна,8 101 809 9269,Умные часы FitPulse Max,1,11400,570,10830,Доставлен и оплачен,Ozon
ORD-202608-0006,23.08.2026,Сазонов Милий Харлампьевич,8 (890) 582-1643,Футболка базовая оверсайз,1,1200,60,1140,Доставлен и оплачен,Wildberries
ORD-202608-0176,23/08/2026 15:42,Наина Богдановна Корнилова,+7 (766) 247-05-05,Кроссовки городские демисезон,3,23400,1170,22230,Доставлен и оплачен,Авито
ORD-202608-0058,23/08/2026 18:56,Вацлав Валерьянович Давыдов,osip_1984@yahoo.com,Светодиодная лампа с диммером,1,2100,,2100,Отменен клиентом,Wildberries
ORD-202608-0211,23.08.2026,Анна Кузьминична Гущина,84368570581,Защитное стекло Premium 9D,1,700,21,679,Доставлен и оплачен,VK Маркет
ORD-202608-0197,23/08/2026 23:12,Алла Андреевна Орлова,+73844982796,Увлажнитель воздуха ультразвуковой,2,5100,510,4590,Ожидает оплаты,Авито
ORD-202608-0223,2026-08-24,Полякова Валентина Леоновна,8 913 661 0077,Набор органической косметики CareSet,1,3050,92,2958,Доставлен и оплачен,Сайт (интернет-магазин)
ORD-202608-0233,24.08.2026,Алевтина Дмитриевна Дмитриева,avdeevpankrati@yandex.ru,Кабель USB-C - Lightning нейлон 1.5м,1,1100,,1100,Передан в доставку,Сайт (интернет-магазин)
ORD-202608-0212,2026-08-24,Нонна Дмитриевна Алексеева,+7 (578) 184-0979,Светодиодная лампа с диммером,1,2550,,2550,Доставлен и оплачен,Ozon
ORD-202608-0226,24.08.2026,Самойлов Всеслав Елисеевич,8 (901) 276-80-85,Увлажнитель воздуха ультразвуковой,1,3300,,3300,Отменен клиентом,Ozon
ORD-202608-0062,2026-08-25,Флорентин Еремеевич Федоров,popovamargarita@yandex.ru,Худи оверсайз хлопок,3,11700,351,11349,Доставлен и оплачен,Wildberries
ORD-202608-0144,25.08.2026,Маргарита Алексеевна Игнатова,milovan2017@gmail.com,Футболка базовая оверсайз,1,1350,202,1148,Доставлен и оплачен,Wildberries
ORD-202608-0100,2026-08-25,Муравьев Макар Филиппович,8 852 821 86 23,Чехол для смартфона силиконовый,1,800,40,760,Передан в доставку,VK Маркет
ORD-202608-0115,25.08.2026,Ирина Аркадьевна Голубева,8 (507) 442-8560,Футболка базовая оверсайз,2,4100,205,3895,Доставлен и оплачен,Ozon
ORD-202608-0047,2026-08-26,Милица Богдановна Мартынова,morozovstanislav@hotmail.com,Крем восстанавливающий SPF 50,1,850,85,765,Доставлен и оплачен,Авито
ORD-202608-0056,2026-08-26,Полякова Валентина Леоновна,danilovapraskovja@hotmail.com,Пауэрбанк 20000 mAh FastCharge,1,2050,,2050,Доставлен и оплачен,Розничный магазин (офлайн)
ORD-202608-0149,2026-08-26,Милен Григорьевич Савельев,volkovauljana@rambler.ru,Светодиодная лампа с диммером,1,2750,,2750,Доставлен и оплачен,Сайт (интернет-магазин)
ORD-202608-0105,27/08/2026 08:28,Данилова Оксана Николаевна,8 (256) 379-8580,Кабель USB-C - Lightning нейлон 1.5м,1,650,20,630,Доставлен и оплачен,Розничный магазин (офлайн)
ORD-202608-0040,27/08/2026 08:30,Федоров Елизар Терентьевич,paramon44@mail.ru,Термокружка вакуумная 500мл,4,6200,186,6014,Доставлен и оплачен,Ozon
ORD-202608-0122,2026-08-27,Агафонова Ангелина Аскольдовна,+7 605 799 64 68,Защитное стекло Premium 9D,5,2250,68,2182,Отменен клиентом,Сайт (интернет-магазин)
ORD-202608-0010,2026-08-27,Гусев Наркис Дмитриевич,+79741149193,Набор органической косметики CareSet,1,3250,,3250,Передан в доставку,Сайт (интернет-магазин)
ORD-202608-0067,28/08/2026 11:22,Кабанова Варвара Мироновна,8 767 918 9943,Рюкзак городской водонепроницаемый,1,2950,,2950,Доставлен и оплачен,Ozon
ORD-202608-0215,28/08/2026 13:30,Автоном Григорьевич Родионов,panovefim@yandex.ru,Футболка базовая оверсайз,1,950,,950,Отменен клиентом,Сайт (интернет-магазин)
ORD-202608-0037,28/08/2026 16:45,Пахомов Аким Данилович,ernest_1973@rambler.ru,Увлажнитель воздуха ультразвуковой,1,3450,104,3346,Передан в доставку,VK Маркет
ORD-202608-0070,29.08.2026,Федотова Майя Алексеевна,8 980 440 95 15,Пауэрбанк 20000 mAh FastCharge,1,3800,190,3610,Доставлен и оплачен,Сайт (интернет-магазин)
ORD-202608-0045,29.08.2026,Зинаида Андреевна Мухина,8 (201) 699-77-19,Термокружка вакуумная 500мл,1,1200,36,1164,Передан в доставку,VK Маркет
ORD-202608-0112,29/08/2026 07:20,Вышеслав Ефремович Матвеев,lobanovevse@hotmail.com,Рюкзак городской водонепроницаемый,3,9600,,9600,Доставлен и оплачен,Сайт (интернет-магазин)
ORD-202608-0145,30.08.2026,Нинель Макаровна Якушева,8 (733) 737-6350,Крем восстанавливающий SPF 50,2,2300,,2300,Передан в доставку,Авито
ORD-202608-0156,30/08/2026 09:51,Осипов Олимпий Елизарович,+7 245 033 33 17,Кабель USB-C - Lightning нейлон 1.5м,1,650,20,630,Доставлен и оплачен,VK Маркет
ORD-202608-0178,31.08.2026,Наумов Сильвестр Денисович,8 (057) 589-55-72,Чехол для смартфона силиконовый,5,2500,,2500,Доставлен и оплачен,Розничный магазин (офлайн)
ORD-202608-0028,31/08/2026 06:09,Матвей Ермолаевич Блинов,8 854 004 1939,Кабель USB-C - Lightning нейлон 1.5м,2,2200,330,1870,Доставлен и оплачен,Ozon
ORD-202608-0046,31/08/2026 07:19,Кудряшов Михаил Васильевич,+7 (705) 618-6886,Пауэрбанк 20000 mAh FastCharge,1,3800,,3800,Доставлен и оплачен,Розничный магазин (офлайн)
ORD-202608-0132,31.08.2026,Никитина Виктория Юльевна,8 (584) 132-7536,Рюкзак городской водонепроницаемый,2,10700,,10700,Доставлен и оплачен,Авито
ORD-202609-0114,2026-09-01,Рожков Всемил Ярославович,artemevanatalja@yahoo.com,Чехол для смартфона силиконовый,1,500,,500,Передан в доставку,VK Маркет
ORD-202609-0164,01.09.2026,Кулаков Мефодий Зиновьевич,margaritalukina@hotmail.com,Набор органической косметики CareSet,2,4400,,4400,Доставлен и оплачен,Ozon
ORD-202609-0154,02.09.2026,Автоном Григорьевич Родионов,panovefim@yandex.ru,Крем восстанавливающий SPF 50,1,1650,,1650,В обработке,VK Маркет
ORD-202609-0248,03.09.2026,Беляков Емельян Фокич,8 949 749 9310,Пауэрбанк 20000 mAh FastCharge,1,2250,,2250,В обработке,Сайт (интернет-магазин)
ORD-202609-0116,2026-09-03,Автоном Григорьевич Родионов,+71202908447,Рюкзак городской водонепроницаемый,1,3500,,3500,Доставлен и оплачен,Авито
ORD-202609-0124,2026-09-03,Константинова Нина Степановна,8 (872) 450-8494,Термокружка вакуумная 500мл,3,3600,180,3420,Передан в доставку,VK Маркет
ORD-202609-0022,03.09.2026,Егоров Филарет Валерьянович,+7 (271) 499-66-97,Чехол для смартфона силиконовый,1,450,14,436,Отменен клиентом,Сайт (интернет-магазин)
ORD-202609-0092,2026-09-03,Вышеслав Ефремович Матвеев,lobanovevse@hotmail.com,Худи оверсайз хлопок,2,6700,335,6365,Отменен клиентом,Ozon
ORD-202609-0014,2026-09-03,Октябрина Болеславовна Калашникова,seleznevignati@yahoo.com,Футболка базовая оверсайз,1,1450,44,1406,Передан в доставку,VK Маркет
ORD-202609-0085,03/09/2026 19:48,Селиван Ефремович Семенов,+71292062750,Умные часы FitPulse Max,2,21200,,21200,Доставлен и оплачен,Розничный магазин (офлайн)
ORD-202609-0113,2026-09-03,Владилен Демьянович Субботин,88527635410,Кроссовки городские демисезон,1,6350,,6350,Ожидает оплаты,Авито
ORD-202609-0198,04.09.2026,Евлампий Ануфриевич Наумов,8 (164) 809-9396,Крем восстанавливающий SPF 50,3,2700,,2700,Доставлен и оплачен,Ozon
ORD-202609-0104,05/09/2026 03:06,Сергеева Олимпиада Богдановна,84295233477,Светодиодная лампа с диммером,4,7000,210,6790,Доставлен и оплачен,Wildberries
ORD-202609-0196,06/09/2026 04:27,Капитон Августович Соловьев,+7 277 587 4239,Термокружка вакуумная 500мл,1,1850,,1850,Доставлен и оплачен,Ozon
ORD-202609-0200,06/09/2026 22:51,Вышеслав Ефремович Матвеев,8 (698) 423-0035,Крем восстанавливающий SPF 50,1,1100,,1100,В обработке,Авито
ORD-202609-0083,07/09/2026 12:54,Дарья Борисовна Молчанова,+7 (997) 847-57-61,Увлажнитель воздуха ультразвуковой,1,3000,150,2850,Передан в доставку,Сайт (интернет-магазин)
ORD-202609-0168,07.09.2026,Калашников Сильвестр Борисович,florentin03@gmail.com,Футболка базовая оверсайз,1,950,,950,Возврат,Авито
ORD-202609-0158,08.09.2026,Гаврилова Нинель Кузьминична,8 (142) 955-03-90,Набор органической косметики CareSet,1,2300,115,2185,Доставлен и оплачен,Ozon
ORD-202609-0217,09/09/2026 06:49,Антонина Семеновна Гусева,8 (990) 600-93-07,Увлажнитель воздуха ультразвуковой,1,4250,212,4038,В обработке,Ozon
ORD-202609-0174,2026-09-09,Яковлев Силантий Германович,kulakovaalina@yahoo.com,Набор органической косметики CareSet,1,3300,330,2970,Доставлен и оплачен,Авито
ORD-202609-0194,10/09/2026 09:38,Фаина Вячеславовна Пахомова,+7 150 221 3601,Худи оверсайз хлопок,1,5800,580,5220,В обработке,Ozon
ORD-202609-0173,10/09/2026 18:22,Кудрявцев Ладимир Юльевич,ponomarevjakov@mail.ru,Пауэрбанк 20000 mAh FastCharge,1,2650,,2650,Доставлен и оплачен,Розничный магазин (офлайн)
ORD-202609-0117,10/09/2026 18:47,Филатов Артем Филиппович,8 (413) 877-6737,Беспроводные наушники X-Sound Pro,1,5550,832,4718,Доставлен и оплачен,Розничный магазин (офлайн)
ORD-202609-0242,2026-09-10,Людмила Афанасьевна Самсонова,80690338301,Чехол для смартфона силиконовый,1,800,24,776,В обработке,Сайт (интернет-магазин)
ORD-202609-0016,11/09/2026 02:23,Захаров Дементий Яковлевич,gennadi47@yandex.ru,Набор органической косметики CareSet,1,1800,270,1530,Доставлен и оплачен,Розничный магазин (офлайн)
ORD-202609-0206,2026-09-11,Морозова Евфросиния Константиновна,olga1975@hotmail.com,Кроссовки городские демисезон,1,8650,,8650,Доставлен и оплачен,Авито
ORD-202609-0232,11.09.2026,,anani_2026@gmail.com,Футболка базовая оверсайз,2,3100,,3100,Доставлен и оплачен,VK Маркет
ORD-202609-0166,11/09/2026 19:08,Назаров Станимир Иосифович,8 061 204 2637,Умные часы FitPulse Max,1,8700,,8700,Передан в доставку,VK Маркет
ORD-202609-0247,11.09.2026,Галина Мироновна Вишнякова,wmartinova@hotmail.com,Светодиодная лампа с диммером,2,5200,520,4680,Доставлен и оплачен,Ozon
ORD-202609-0195,12/09/2026 09:53,Владимиров Леон Ефремович,8 293 247 4750,Защитное стекло Premium 9D,1,400,20,380,Доставлен и оплачен,Розничный магазин (офлайн)
ORD-202609-0147,13/09/2026 09:09,Воробьева Наина Юльевна,80100399385,Чехол для смартфона силиконовый,1,750,,750,В обработке,Авито
ORD-202609-0241,13/09/2026 20:56,Мария Руслановна Панфилова,8 (130) 095-0473,Крем восстанавливающий SPF 50,4,3600,180,3420,Доставлен и оплачен,Ozon
ORD-202609-0093,13.09.2026,Сидор Измаилович Елисеев,+78633334850,Кабель USB-C - Lightning нейлон 1.5м,1,1100,,1100,Ожидает оплаты,Авито
ORD-202609-0202,2026-09-14,Маркова Елизавета Рудольфовна,8 (880) 896-4751,Беспроводные наушники X-Sound Pro,1,3650,,3650,Доставлен и оплачен,Сайт (интернет-магазин)
ORD-202609-0107,15.09.2026,Полякова Оксана Валентиновна,8 249 082 25 84,Беспроводные наушники X-Sound Pro,1,7200,,7200,Доставлен и оплачен,VK Маркет
ORD-202609-0007,2026-09-15,Селезнева Эмилия Андреевна,+70139319612,Набор органической косметики CareSet,2,6300,189,6111,Возврат,Wildberries
ORD-202609-0021,15/09/2026 11:38,тов. Доронина Елизавета Романовна,+7 769 701 25 32,Кроссовки городские демисезон,2,11900,,11900,Ожидает оплаты,Wildberries
ORD-202609-0244,15/09/2026 15:46,Фадеев Никандр Евсеевич,+7 (345) 807-0190,Защитное стекло Premium 9D,1,350,52,298,Доставлен и оплачен,VK Маркет
ORD-202609-0219,2026-09-15,Марфа Ивановна Юдина,84900356046,Защитное стекло Premium 9D,1,700,,700,Передан в доставку,VK Маркет
ORD-202609-0207,2026-09-16,Анжела Тимуровна Суворова,+7 (179) 555-39-68,Набор органической косметики CareSet,1,2650,132,2518,Передан в доставку,Wildberries
ORD-202609-0218,16/09/2026 12:27,тов. Соколов Мартын Димитриевич,8 (194) 379-81-87,Крем восстанавливающий SPF 50,5,8250,412,7838,Доставлен и оплачен,Wildberries
ORD-202609-0243,16/09/2026 19:13,Галина Эдуардовна Вишнякова,8 915 366 3005,Футболка базовая оверсайз,1,1250,125,1125,В обработке,Сайт (интернет-магазин)
ORD-202609-0018,16/09/2026 22:21,Матвей Ермолаевич Блинов,fokamamontov@yahoo.com,Кабель USB-C - Lightning нейлон 1.5м,1,500,,500,Доставлен и оплачен,VK Маркет
ORD-202609-0017,17.09.2026,Тит Аверьянович Рогов,8 766 075 0970,Рюкзак городской водонепроницаемый,2,7100,213,6887,Доставлен и оплачен,Wildberries
ORD-202609-0205,17.09.2026,Никитин Любим Устинович,+7 (905) 822-2242,Кроссовки городские демисезон,1,5600,280,5320,Доставлен и оплачен,Ozon
ORD-202609-0240,17.09.2026,Степан Викторович Григорьев,+77120416856,Набор органической косметики CareSet,1,2700,,2700,Доставлен и оплачен,Розничный магазин (офлайн)
ORD-202609-0153,2026-09-18,Феврония Филипповна Мартынова,+75764031731,Крем восстанавливающий SPF 50,2,3200,,3200,Доставлен и оплачен,Авито
ORD-202609-0161,2026-09-18,Носкова Лукия Олеговна,ktihonova@mail.ru,Беспроводные наушники X-Sound Pro,1,5600,168,5432,Отменен клиентом,Ozon
ORD-202609-0051,19/09/2026 04:53,,8 (124) 120-43-88,Кроссовки городские демисезон,5,38000,1900,36100,Передан в доставку,Сайт (интернет-магазин)
ORD-202609-0125,2026-09-19,Вениамин Ермилович Белов,+7 620 437 45 56,Защитное стекло Premium 9D,1,550,16,534,Доставлен и оплачен,Авито
ORD-202609-0136,19.09.2026,Самойлов Аким Венедиктович,ernest_2008@hotmail.com,Кабель USB-C - Lightning нейлон 1.5м,1,950,95,855,Доставлен и оплачен,VK Маркет
ORD-202609-0230,19.09.2026,Дарья Борисовна Молчанова,+7 (997) 847-57-61,Крем восстанавливающий SPF 50,1,1400,42,1358,Доставлен и оплачен,Авито
ORD-202609-0135,19/09/2026 13:48,тов. Соколов Мартын Димитриевич,kovalevalarisa@mail.ru,Светодиодная лампа с диммером,2,3100,,3100,Отменен клиентом,VK Маркет
ORD-202609-0049,19/09/2026 19:13,Ульяна Федоровна Дементьева,+7 (861) 080-9850,Набор органической косметики CareSet,2,4400,132,4268,Доставлен и оплачен,VK Маркет
