Номер сделки,Клиент,Ответственный,Услуга / Продукт,"Сумма сделки, руб.",Прайс без скидки,"Скидка, %",Статус,Дата создания,Дата первого контакта,Дата смены статуса,Дата последней активности,Дата закрытия,Канал
B2B-06-001,"ООО ""СтройКомплект""",Алексей Громов,Внедрение ERP-системы,621350,731000,15,Успешно реализовано,2026-06-04 10:17,2026-06-04 15:37,2026-07-11 10:17,2026-07-11 10:17,2026-07-11 10:17,Сайт (заявка)
B2B-06-002,"АО ""ТехноПром""",Мария Смирнова,Поставка серверного оборудования,433840,493000,12,Успешно реализовано,2026-06-22 11:07,2026-06-22 17:43,2026-07-22 11:07,2026-07-22 11:07,2026-07-22 11:07,Сайт (заявка)
B2B-06-003,"ООО ""Северный Ветер""",Дмитрий Ковалев,Годовая подписка на лицензии ПО,168480,216000,22,Успешно реализовано,2026-06-08 10:05,2026-06-08 14:46,2026-07-21 10:05,2026-07-21 10:05,2026-07-21 10:05,Сайт (заявка)
B2B-06-004,"ООО ""ГлавСнаб""",Алексей Громов,Монтаж сетевой инфраструктуры,295800,348000,15,Успешно реализовано,2026-06-19 14:21,2026-06-19 17:24,2026-08-10 14:21,2026-08-10 14:21,2026-08-10 14:21,Холодный звонок
B2B-06-005,"ООО ""ПромАльянс""",Мария Смирнова,Аудит информационной безопасности,167200,190000,12,Успешно реализовано,2026-06-09 11:43,2026-06-09 17:35,2026-07-11 11:43,2026-07-11 11:43,2026-07-11 11:43,Холодный звонок
B2B-06-006,"ООО ""ИнтерЛогистик""",Дмитрий Ковалев,Техподдержка SLA 24/7,83600,95000,12,Успешно реализовано,2026-06-12 15:08,2026-06-12 20:23,2026-07-26 15:08,2026-07-26 15:08,2026-07-26 15:08,Рекомендация
B2B-06-007,"ООО ""МегаТрейд""",Алексей Громов,Интеграция с телефонией и CRM,117260,143000,18,Успешно реализовано,2026-06-30 15:35,2026-06-30 23:17,2026-08-19 15:35,2026-08-19 15:35,2026-08-19 15:35,Рекомендация
B2B-06-008,ИП Васильев А.В.,Мария Смирнова,Поставка рабочих станций,392480,446000,12,Успешно реализовано,2026-06-28 15:06,2026-06-28 19:44,2026-07-29 15:06,2026-07-29 15:06,2026-07-29 15:06,Рекомендация
B2B-06-009,ИП Кузнецова С.М.,Дмитрий Ковалев,Внедрение ERP-системы,597520,679000,12,Успешно реализовано,2026-06-25 13:35,2026-06-25 18:34,2026-08-06 13:35,2026-08-06 13:35,2026-08-06 13:35,Холодный звонок
B2B-06-010,"ООО ""АльфаТранс""",Алексей Громов,Поставка серверного оборудования,441160,538000,18,Успешно реализовано,2026-06-21 14:40,2026-06-21 20:49,2026-07-27 14:40,2026-07-27 14:40,2026-07-27 14:40,Рекомендация
B2B-06-011,"ООО ""Вектор Связи""",Мария Смирнова,Годовая подписка на лицензии ПО,170040,218000,22,Успешно реализовано,2026-06-23 11:08,2026-06-23 15:35,2026-07-30 11:08,2026-07-30 11:08,2026-07-30 11:08,Сайт (заявка)
B2B-06-012,"АО ""УралНефтьГаз""",Дмитрий Ковалев,Монтаж сетевой инфраструктуры,296650,349000,15,Успешно реализовано,2026-06-13 14:29,2026-06-13 22:14,2026-08-03 14:29,2026-08-03 14:29,2026-08-03 14:29,Холодный звонок
B2B-06-013,ИП Пономарев К.Е.,Алексей Громов,Аудит информационной безопасности,144800,181000,20,Успешно реализовано,2026-06-08 10:21,2026-06-08 16:02,2026-07-16 10:21,2026-07-16 10:21,2026-07-16 10:21,Сайт (заявка)
B2B-06-014,"ООО ""КристаллГрупп""",Мария Смирнова,Техподдержка SLA 24/7,76800,96000,20,Успешно реализовано,2026-06-30 14:43,2026-06-30 21:58,2026-08-19 14:43,2026-08-19 14:43,2026-08-19 14:43,Холодный звонок
B2B-06-015,"ООО ""ЭнергоМонтаж""",Дмитрий Ковалев,Интеграция с телефонией и CRM,112320,144000,22,Успешно реализовано,2026-06-09 11:45,2026-06-09 19:32,2026-07-17 11:45,2026-07-17 11:45,2026-07-17 11:45,Рекомендация
B2B-06-016,ИП Григорьева Т.П.,Алексей Громов,Поставка рабочих станций,427000,427000,0,Отказ / Слив,2026-06-14 15:53,2026-06-14 20:45,2026-06-30 15:53,2026-06-30 15:53,2026-06-30 15:53,Рекомендация
B2B-06-017,"ООО ""БизнесКонсалт""",Мария Смирнова,Внедрение ERP-системы,713000,713000,0,Отказ / Слив,2026-06-03 10:25,2026-06-03 14:21,2026-06-19 10:25,2026-06-19 10:25,2026-06-19 10:25,Рекомендация
B2B-06-018,"ООО ""ОптимаСнаб""",Дмитрий Ковалев,Поставка серверного оборудования,500000,500000,0,Отказ / Слив,2026-06-26 16:08,2026-06-26 19:40,2026-07-20 16:08,2026-07-20 16:08,2026-07-20 16:08,Холодный звонок
B2B-06-019,"АО ""РосАрматура""",Алексей Громов,Годовая подписка на лицензии ПО,229000,229000,0,Отказ / Слив,2026-06-15 14:05,2026-06-15 17:10,2026-06-30 14:05,2026-06-30 14:05,2026-06-30 14:05,Рекомендация
B2B-06-020,ИП Морозов Д.А.,Мария Смирнова,Монтаж сетевой инфраструктуры,376000,376000,0,Отказ / Слив,2026-06-18 14:19,2026-06-18 20:13,2026-07-03 14:19,2026-07-03 14:19,2026-07-03 14:19,Холодный звонок
B2B-06-021,"ООО ""СтройКомплект""",Дмитрий Ковалев,Аудит информационной безопасности,193000,193000,0,Отказ / Слив,2026-06-06 16:30,2026-06-06 21:44,2026-07-04 16:30,2026-07-04 16:30,2026-07-04 16:30,Сайт (заявка)
B2B-06-022,"АО ""ТехноПром""",Алексей Громов,Техподдержка SLA 24/7,99000,99000,0,Отказ / Слив,2026-06-30 11:25,2026-06-30 16:57,2026-07-28 11:25,2026-07-28 11:25,2026-07-28 11:25,Рекомендация
B2B-06-023,"ООО ""Северный Ветер""",Мария Смирнова,Интеграция с телефонией и CRM,146000,146000,0,Отказ / Слив,2026-06-05 15:18,2026-06-05 19:40,2026-07-03 15:18,2026-07-03 15:18,2026-07-03 15:18,Сайт (заявка)
B2B-06-024,"ООО ""ГлавСнаб""",Дмитрий Ковалев,Поставка рабочих станций,428000,428000,0,Отказ / Слив,2026-06-11 16:31,2026-06-11 20:28,2026-07-04 16:31,2026-07-04 16:31,2026-07-04 16:31,Холодный звонок
B2B-06-025,"ООО ""ПромАльянс""",Алексей Громов,Внедрение ERP-системы,680000,680000,0,Переговоры / Думает,2026-06-02 13:26,2026-06-02 21:16,2026-06-10 13:26,2026-06-14 13:26,,Сайт (заявка)
B2B-06-026,"ООО ""ИнтерЛогистик""",Мария Смирнова,Поставка серверного оборудования,548000,548000,0,Счёт на согласовании,2026-06-25 11:38,2026-06-25 18:41,2026-06-30 11:38,2026-07-06 11:38,,Сайт (заявка)
B2B-06-027,"ООО ""МегаТрейд""",Дмитрий Ковалев,Годовая подписка на лицензии ПО,215100,239000,10,КП отправлено,2026-06-18 13:15,2026-06-18 18:54,2026-06-26 13:15,2026-06-28 13:15,,Холодный звонок
B2B-06-028,ИП Васильев А.В.,Алексей Громов,Монтаж сетевой инфраструктуры,377000,377000,0,Переговоры / Думает,2026-06-17 16:37,2026-06-17 21:43,2026-06-22 16:37,2026-06-22 16:37,,Рекомендация
B2B-06-029,ИП Кузнецова С.М.,Мария Смирнова,Аудит информационной безопасности,177300,197000,10,Счёт на согласовании,2026-06-08 12:30,2026-06-08 16:06,2026-06-11 12:30,2026-06-16 12:30,,Сайт (заявка)
B2B-06-030,"ООО ""АльфаТранс""",Дмитрий Ковалев,Техподдержка SLA 24/7,90250,95000,5,Переговоры / Думает,2026-06-28 14:34,2026-06-28 21:57,2026-07-06 14:34,2026-07-10 14:34,,Сайт (заявка)
B2B-06-031,"ООО ""Вектор Связи""",Алексей Громов,Интеграция с телефонией и CRM,157000,157000,0,КП отправлено,2026-06-05 16:45,2026-06-05 23:47,2026-06-08 16:45,2026-06-11 16:45,,Рекомендация
B2B-06-032,"АО ""УралНефтьГаз""",Мария Смирнова,Поставка рабочих станций,417000,417000,0,Счёт на согласовании,2026-06-12 15:56,2026-06-12 22:55,2026-06-20 15:56,2026-06-18 15:56,,Сайт (заявка)
B2B-06-033,ИП Пономарев К.Е.,Дмитрий Ковалев,Внедрение ERP-системы,701000,701000,0,Переговоры / Думает,2026-06-24 15:21,2026-06-24 19:16,2026-06-28 15:21,2026-07-06 15:21,,Сайт (заявка)
B2B-06-034,"ООО ""КристаллГрупп""",Алексей Громов,Поставка серверного оборудования,507300,534000,5,Переговоры / Думает,2026-06-06 13:59,2026-06-06 19:06,2026-06-13 13:59,2026-06-12 13:59,,Сайт (заявка)
B2B-06-035,"ООО ""ЭнергоМонтаж""",Мария Смирнова,Годовая подписка на лицензии ПО,218500,230000,5,Переговоры / Думает,2026-06-18 09:35,2026-06-18 14:36,2026-06-24 09:35,2026-06-30 09:35,,Сайт (заявка)
B2B-06-036,ИП Григорьева Т.П.,Дмитрий Ковалев,Монтаж сетевой инфраструктуры,356250,375000,5,Переговоры / Думает,2026-06-13 09:40,2026-06-13 15:54,2026-06-18 09:40,2026-06-25 09:40,,Холодный звонок
B2B-06-037,"ООО ""БизнесКонсалт""",Алексей Громов,Аудит информационной безопасности,193000,193000,0,КП отправлено,2026-06-23 16:39,2026-06-23 21:16,2026-06-26 16:39,2026-06-28 16:39,,Рекомендация
B2B-06-038,"ООО ""ОптимаСнаб""",Мария Смирнова,Техподдержка SLA 24/7,87300,97000,10,Счёт на согласовании,2026-06-02 10:07,2026-06-02 17:11,2026-06-06 10:07,2026-06-07 10:07,,Рекомендация
B2B-06-039,"АО ""РосАрматура""",Дмитрий Ковалев,Интеграция с телефонией и CRM,142000,142000,0,Счёт на согласовании,2026-06-28 11:34,2026-06-28 15:08,2026-07-04 11:34,2026-07-04 11:34,,Рекомендация
B2B-06-040,ИП Морозов Д.А.,Алексей Громов,Поставка рабочих станций,364500,405000,10,КП отправлено,2026-06-19 10:09,2026-06-19 13:50,2026-06-26 10:09,2026-06-29 10:09,,Холодный звонок
