Код заявки;Заказчик;Телефон контактный;Баблос;Стадия движения сделки;Кто тащит;Время залива в базу;Дата финального закрытия;Первый отклик;Официальный прайс
ORD-8801;ООО "СтройКомплект";+7 (926) 111-22-33;185 000 руб.;Успешно завершено;Алексей Громов;2026-07-05 10:15;2026-07-20 14:00;2026-07-05 10:45;200 000 руб.
ORD-8802;ИП Васильев А.В.;+7 (916) 222-33-44;45 000 руб.;Застряло / Думает;Мария Смирнова;2026-08-01 12:00;;2026-08-01 13:30;50 000 руб.
ORD-8803;АО "ТехноПром";+7 (903) 333-44-55;340 000 руб.;В работе / переговоры;Алексей Громов;2026-07-15 09:30;;2026-07-15 11:00;350 000 руб.
ORD-8804;ООО "АвтоЛайн";+7 (985) 444-55-66;12 500 руб.;Слив / Отказ;Дмитрий Ковалев;2026-08-10 16:20;2026-08-18 11:10;2026-08-10 17:00;12 500 руб.
ORD-8805;ИП Кузнецова С.М.;+7 (925) 555-66-77;98 000 руб.;Застряло / Думает;Мария Смирнова;2026-07-25 14:10;;2026-07-25 15:00;110 000 руб.
ORD-8806;ООО "Северный Ветер";+7 (915) 666-77-88;210 000 руб.;Успешно завершено;Алексей Громов;2026-08-05 11:00;2026-08-25 17:30;2026-08-05 11:20;210 000 руб.
ORD-8807;ИП Пономарев К.Е.;+7 (909) 777-88-99;15 000 руб.;Слив / Отказ;Дмитрий Ковалев;2026-08-20 10:00;2026-08-22 15:40;2026-08-20 14:00;15 000 руб.
ORD-8808;ООО "ГлавСнаб";+7 (926) 888-99-00;165 000 руб.;Застряло / Думает;Алексей Громов;2026-07-18 13:40;;2026-07-18 16:10;170 000 руб.
ORD-8809;ИП Орлова Н.В.;+7 (916) 999-00-11;52 000 руб.;В работе / переговоры;Мария Смирнова;2026-09-01 10:30;;2026-09-01 11:00;55 000 руб.
ORD-8810;ООО "ПромАльянс";+7 (903) 000-11-22;420 000 руб.;Застряло / Думает;Алексей Громов;2026-07-10 15:00;;2026-07-10 15:30;450 000 руб.
ORD-8811;ИП Савельев В.Д.;+7 (985) 111-22-33;28 000 руб.;Успешно завершено;Дмитрий Ковалев;2026-08-12 12:15;2026-08-28 14:00;2026-08-12 13:00;30 000 руб.
ORD-8812;ООО "ИнтерЛогистик";+7 (925) 222-33-44;135 000 руб.;Застряло / Думает;Мария Смирнова;2026-07-22 11:45;;2026-07-22 14:00;140 000 руб.
ORD-8813;ИП Григорьева Т.П.;+7 (915) 333-44-55;19 000 руб.;Слив / Отказ;Дмитрий Ковалев;2026-08-28 16:00;2026-09-02 10:20;2026-08-28 16:30;19 000 руб.
ORD-8814;ООО "МегаТрейд";+7 (909) 444-55-66;310 000 руб.;Успешно завершено;Алексей Громов;2026-08-15 09:10;2026-09-05 18:00;2026-08-15 09:40;320 000 руб.
ORD-8815;ИП Морозов Д.А.;+7 (926) 555-66-77;74 000 руб.;Застряло / Думает;Мария Смирнова;2026-07-30 14:50;;2026-07-30 15:20;80 000 руб.
