Номер заказа;Дата и время создания;Контрагент (Покупатель);Телефон покупателя;Email;Город доставки;Товар / Номенклатура;Группа товаров;Кол-во;Цена без скидки (руб.);Скидка клиента (руб);Сумма документа (Итого);Статус заказа;Способ оплаты;Канал сбыта;Ответственный менеджер
MS-202606-0020;24.06.2026 23:22;Никифор Герасимович Максимов;8 (416) 625-76-83;maslovaklavdija@gmail.com;Ростов-на-Дону;Умные часы FitPulse Max;Электроника;2;11750,00;1175,00;22325,00;Доставлен и оплачен;Безналичный расчет (юрлицо);Ozon;Онлайн-автоматизация
MS-202606-0195;25.06.2026 08:18;Гурьев Ратмир Демьянович;8 (612) 715-74-72;majakulikova@rambler.ru;Казань;Пауэрбанк 20000 mAh FastCharge;Электроника;1;2350,00;235,00;2115,00;Доставлен и оплачен;Долями / Сплит;Розничный магазин (офлайн);Ольга Кузнецова
MS-202606-0019;25.06.2026 10:39;Ковалев Галактион Антипович;8 (374) 168-6664;andreevsvetozar@mail.ru;Казань;Кроссовки городские демисезон;Обувь;1;6600,00;330,00;6270,00;Доставлен и оплачен;Безналичный расчет (юрлицо);VK Маркет;Анна Смирнова
MS-202606-0161;25.06.2026 16:01;Суворова Фаина Ивановна;+7 760 806 4973;taras05@mail.ru;Новосибирск;Кабель USB-C - Lightning нейлон 1.5м;Аксессуары;1;850,00;0,00;850,00;Доставлен и оплачен;Банковская карта;VK Маркет;Онлайн-автоматизация
MS-202606-0124;25.06.2026 20:56;Шубина Нина Рубеновна;8 (643) 378-75-05;iraidazinoveva@yandex.ru;Краснодар;Термокружка вакуумная 500мл;Товары для дома;2;1100,00;66,00;2134,00;Доставлен и оплачен;Долями / Сплит;Сайт (интернет-магазин);Максим Романов
MS-202606-0276;25.06.2026 21:10;Валентина Кузьминична Гаврилова;8 811 270 0014;marfasavina@mail.ru;Санкт-Петербург;Чехол для смартфона силиконовый;Аксессуары;1;800,00;0,00;800,00;Возврат;Долями / Сплит;Ozon;Онлайн-автоматизация
MS-202606-0286;26.06.2026 03:01;Лукин Евстафий Фёдорович;+7 674 159 4723;miheevasofija@hotmail.com;Екатеринбург;Пауэрбанк 20000 mAh FastCharge;Электроника;1;3300,00;0,00;3300,00;Доставлен и оплачен;Банковская карта;Wildberries;Онлайн-автоматизация
MS-202606-0005;26.06.2026 07:53;Назар Феофанович Потапов;82004432657;aleksandra2018@mail.ru;Екатеринбург;Светодиодная лампа с диммером;Товары для дома;1;1300,00;0,00;1300,00;Передан в доставку;При получении;Авито;Ольга Кузнецова
MS-202606-0242;26.06.2026 15:17;Кошелева Вероника Валериевна;8 327 329 17 36;tarasdrozdov@yandex.ru;Екатеринбург;Крем восстанавливающий SPF 50;Красота и уход;1;1750,00;0,00;1750,00;Доставлен и оплачен;СБП;Авито;Елена Васильева
MS-202606-0209;27.06.2026 01:27;Борисов Галактион Дорофеевич;8 658 326 2572;antoninapopova@mail.ru;Москва;Беспроводные наушники X-Sound Pro;Электроника;1;5900,00;0,00;5900,00;Ожидает оплаты;Безналичный расчет (юрлицо);Авито;Максим Романов
MS-202606-0130;27.06.2026 16:32;Ковалев Федосий Марсович;8 (907) 672-40-02;filimon57@rambler.ru;Ростов-на-Дону;Увлажнитель воздуха ультразвуковой;Товары для дома;1;3300,00;99,00;3201,00;Возврат;Долями / Сплит;Ozon;Онлайн-автоматизация
MS-202606-0188;27.06.2026 21:52;Макар Ерофеевич Павлов;8 362 184 43 08;kuznetsovtit@hotmail.com;Новосибирск;Футболка базовая оверсайз;Одежда;3;1550,00;232,00;4418,00;Доставлен и оплачен;При получении;Wildberries;Онлайн-автоматизация
MS-202606-0100;27.06.2026 23:19;Полякова Элеонора Мироновна;8 (688) 130-6140;trifon_1993@hotmail.com;Ростов-на-Дону;Умные часы FitPulse Max;Электроника;1;4450,00;0,00;4450,00;В обработке;Долями / Сплит;Wildberries;Онлайн-автоматизация
MS-202606-0076;28.06.2026 00:23;Вадим Тимурович Новиков;+7 694 847 25 87;zinovi54@yandex.ru;Новосибирск;Набор органической косметики CareSet;Красота и уход;1;3100,00;465,00;2635,00;Отменен клиентом;При получении;Ozon;Онлайн-автоматизация
MS-202606-0153;28.06.2026 00:54;Лукин Епифан Жоресович;8 767 742 02 61;anastasija35@yahoo.com;Самара;Футболка базовая оверсайз;Одежда;2;1600,00;0,00;3200,00;Доставлен и оплачен;Безналичный расчет (юрлицо);VK Маркет;Ольга Кузнецова
MS-202606-0235;28.06.2026 07:04;Моисеева Фаина Богдановна;+75540909016;fomaignatov@hotmail.com;Краснодар;Пауэрбанк 20000 mAh FastCharge;Электроника;2;3600,00;720,00;6480,00;Доставлен и оплачен;Банковская карта;Авито;Елена Васильева
MS-202606-0183;29.06.2026 01:57;Савельева София Харитоновна;+7 555 634 8883;fekla1981@hotmail.com;Ростов-на-Дону;Набор органической косметики CareSet;Красота и уход;3;3500,00;0,00;10500,00;Доставлен и оплачен;Банковская карта;VK Маркет;Анна Смирнова
MS-202606-0042;29.06.2026 09:51;Рожков Фотий Арсенович;+7 (377) 069-8662;lavr_2007@yahoo.com;Санкт-Петербург;Беспроводные наушники X-Sound Pro;Электроника;3;4900,00;0,00;14700,00;Доставлен и оплачен;Банковская карта;Ozon;Онлайн-автоматизация
MS-202606-0128;29.06.2026 13:35;Нинель Святославовна Антонова;8 522 455 94 50;danilovazoja@rambler.ru;Ростов-на-Дону;Пауэрбанк 20000 mAh FastCharge;Электроника;1;2050,00;0,00;2050,00;Доставлен и оплачен;СБП;VK Маркет;Анна Смирнова
MS-202606-0090;30.06.2026 03:56;Михайлов Владилен Евстигнеевич;+7 (174) 070-4839;marfanazarova@rambler.ru;Екатеринбург;Футболка базовая оверсайз;Одежда;2;1650,00;165,00;3135,00;Доставлен и оплачен;СБП;Авито;Елена Васильева
MS-202606-0299;30.06.2026 06:29;Богданова Марфа Борисовна;+75107959033;lorasoloveva@hotmail.com;Краснодар;Крем восстанавливающий SPF 50;Красота и уход;1;750,00;0,00;750,00;В обработке;Безналичный расчет (юрлицо);Авито;Анна Смирнова
MS-202606-0206;30.06.2026 12:39;Вадим Тимурович Новиков;+7 694 847 25 87;zinovi54@yandex.ru;Новосибирск;Набор органической косметики CareSet;Красота и уход;1;2950,00;148,00;2802,00;Доставлен и оплачен;Долями / Сплит;Ozon;Онлайн-автоматизация
MS-202606-0054;30.06.2026 17:46;Доронин Емельян Феоктистович;8 (436) 258-6587;svetlanaefremova@gmail.com;Нижний Новгород;Термокружка вакуумная 500мл;Товары для дома;1;1250,00;38,00;1212,00;Ожидает оплаты;Безналичный расчет (юрлицо);Авито;Дмитрий Ковалев
MS-202607-0174;01.07.2026 08:00;Лапина Евгения Юрьевна;89176503738;anikekazakov@yahoo.com;Казань;Худи оверсайз хлопок;Одежда;2;4800,00;480,00;9120,00;Доставлен и оплачен;Банковская карта;Авито;Максим Романов
MS-202607-0267;01.07.2026 13:29;Воробьева Наина Степановна;+7 (674) 366-7884;solomon1993@yahoo.com;Нижний Новгород;Беспроводные наушники X-Sound Pro;Электроника;2;6150,00;0,00;12300,00;Доставлен и оплачен;При получении;Wildberries;Онлайн-автоматизация
MS-202607-0285;02.07.2026 02:59;Тарасов Феофан Валентинович;+7 969 859 8657;poljakovmakar@yandex.ru;Нижний Новгород;Защитное стекло Premium 9D;Аксессуары;4;300,00;36,00;1164,00;Доставлен и оплачен;При получении;Розничный магазин (офлайн);Онлайн-автоматизация
MS-202607-0103;02.07.2026 17:13;Сила Гурьевич Беляев;+7 (044) 644-1820;luka1971@mail.ru;Санкт-Петербург;Чехол для смартфона силиконовый;Аксессуары;1;450,00;22,00;428,00;Доставлен и оплачен;Долями / Сплит;Сайт (интернет-магазин);Анна Смирнова
MS-202607-0282;02.07.2026 18:12;Шилов Олег Аверьянович;+7 499 925 61 18;bobrovalidija@mail.ru;Екатеринбург;Крем восстанавливающий SPF 50;Красота и уход;2;1700,00;102,00;3298,00;Доставлен и оплачен;СБП;Розничный магазин (офлайн);Максим Романов
MS-202607-0163;03.07.2026 00:32;Красильников Аверкий Гордеевич;8 (221) 088-1827;ostromirefremov@yandex.ru;Самара;Крем восстанавливающий SPF 50;Красота и уход;2;900,00;0,00;1800,00;Доставлен и оплачен;Безналичный расчет (юрлицо);VK Маркет;Максим Романов
MS-202607-0278;03.07.2026 01:20;Крюкова София Викторовна;8 (400) 913-06-89;fedotzaharov@gmail.com;Казань;Футболка базовая оверсайз;Одежда;2;2100,00;0,00;4200,00;В обработке;Банковская карта;Авито;Ольга Кузнецова
MS-202607-0251;03.07.2026 12:22;Ираида Вениаминовна Логинова;+7 (255) 898-8961;agata2021@rambler.ru;Краснодар;Кабель USB-C - Lightning нейлон 1.5м;Аксессуары;1;800,00;40,00;760,00;Передан в доставку;Безналичный расчет (юрлицо);Авито;Ольга Кузнецова
MS-202607-0133;03.07.2026 15:51;Сысоева Елена Вадимовна;+7 617 738 1470;kotovstanimir@mail.ru;Санкт-Петербург;Термокружка вакуумная 500мл;Товары для дома;1;1150,00;34,00;1116,00;Отменен клиентом;Безналичный расчет (юрлицо);Сайт (интернет-магазин);Ольга Кузнецова
MS-202607-0296;04.07.2026 05:18;Белоусов Гостомысл Марсович;8 (162) 433-08-23;ernest_45@mail.ru;Санкт-Петербург;Худи оверсайз хлопок;Одежда;1;5600,00;0,00;5600,00;В обработке;Безналичный расчет (юрлицо);VK Маркет;Анна Смирнова
MS-202607-0167;05.07.2026 06:36;Евгения Кузьминична Гаврилова;+71254112842;kim69@mail.ru;Краснодар;Термокружка вакуумная 500мл;Товары для дома;2;1900,00;190,00;3610,00;В обработке;Банковская карта;Ozon;Онлайн-автоматизация
MS-202607-0238;05.07.2026 21:12;Евфросиния Львовна Смирнова;8 (338) 485-83-88;egor04@hotmail.com;Казань;Умные часы FitPulse Max;Электроника;2;8450,00;0,00;16900,00;Доставлен и оплачен;При получении;Ozon;Онлайн-автоматизация
MS-202607-0273;05.07.2026 21:34;Нина Семеновна Артемьева;+7 (913) 489-7309;afanasevafekla@yahoo.com;Краснодар;Чехол для смартфона силиконовый;Аксессуары;1;750,00;38,00;712,00;Доставлен и оплачен;Банковская карта;Авито;Максим Романов
MS-202607-0006;05.07.2026 23:38;Мясников Селиверст Авдеевич;8 775 239 62 23;samsonovfilimon@rambler.ru;Екатеринбург;Рюкзак городской водонепроницаемый;Аксессуары;3;2550,00;382,00;7268,00;Доставлен и оплачен;Долями / Сплит;Розничный магазин (офлайн);Ольга Кузнецова
MS-202607-0162;06.07.2026 00:33;Федотов Архип Архипович;+7 695 004 1905;nifont_1981@hotmail.com;Санкт-Петербург;Кроссовки городские демисезон;Обувь;3;6550,00;2948,00;16702,00;Доставлен и оплачен;Банковская карта;Авито;Елена Васильева
MS-202607-0055;06.07.2026 05:47;Кириллов Сидор Владленович;8 (681) 075-91-51;alina_1995@mail.ru;Новосибирск;Кроссовки городские демисезон;Обувь;1;8250,00;0,00;8250,00;Ожидает оплаты;При получении;Wildberries;Онлайн-автоматизация
MS-202607-0002;07.07.2026 01:03;Чернов Вениамин Ерофеевич;+7 397 734 8193;beljakovegor@hotmail.com;Москва;Крем восстанавливающий SPF 50;Красота и уход;3;1300,00;0,00;3900,00;Доставлен и оплачен;Банковская карта;Розничный магазин (офлайн);Анна Смирнова
MS-202607-0289;07.07.2026 01:11;Романов Станислав Еремеевич;84493997569;pelageja2003@yandex.ru;Санкт-Петербург;Пауэрбанк 20000 mAh FastCharge;Электроника;1;2700,00;0,00;2700,00;Доставлен и оплачен;Долями / Сплит;Wildberries;Онлайн-автоматизация
MS-202607-0013;07.07.2026 17:59;Арсений Ярославович Стрелков;+7 275 740 44 20;anikita_65@rambler.ru;Санкт-Петербург;Термокружка вакуумная 500мл;Товары для дома;3;1000,00;300,00;2700,00;Ожидает оплаты;Банковская карта;Ozon;Онлайн-автоматизация
MS-202607-0248;08.07.2026 04:37;Соболева Элеонора Степановна;88458037938;guljaevartem@mail.ru;Нижний Новгород;Чехол для смартфона силиконовый;Аксессуары;1;500,00;0,00;500,00;Доставлен и оплачен;СБП;Ozon;Онлайн-автоматизация
MS-202607-0166;08.07.2026 06:17;Татьяна Архиповна Голубева;8 424 005 97 89;tvorimir_1997@hotmail.com;Ростов-на-Дону;Защитное стекло Premium 9D;Аксессуары;3;600,00;90,00;1710,00;Доставлен и оплачен;Безналичный расчет (юрлицо);Wildberries;Онлайн-автоматизация
MS-202607-0030;08.07.2026 06:43;Лев Викентьевич Цветков;82320140982;miron2017@rambler.ru;Москва;Футболка базовая оверсайз;Одежда;2;1950,00;0,00;3900,00;Доставлен и оплачен;Безналичный расчет (юрлицо);Розничный магазин (офлайн);Ольга Кузнецова
MS-202607-0181;08.07.2026 10:23;Евсей Фролович Шубин;+71636711942;tknjazeva@yandex.ru;Самара;Футболка базовая оверсайз;Одежда;1;1400,00;140,00;1260,00;Ожидает оплаты;Безналичный расчет (юрлицо);Авито;Анна Смирнова
MS-202607-0155;08.07.2026 11:30;Красильникова Ангелина Ждановна;+7 (094) 754-2341;grigori_23@mail.ru;Нижний Новгород;Кабель USB-C - Lightning нейлон 1.5м;Аксессуары;1;950,00;0,00;950,00;Возврат;СБП;Wildberries;Онлайн-автоматизация
MS-202607-0043;08.07.2026 19:08;г-жа Терентьева Таисия Захаровна;+75940983225;juvenali_2014@yandex.ru;Ростов-на-Дону;Защитное стекло Premium 9D;Аксессуары;2;300,00;0,00;600,00;Передан в доставку;Безналичный расчет (юрлицо);Розничный магазин (офлайн);Дмитрий Ковалев
MS-202607-0147;08.07.2026 21:08;Филарет Борисович Гаврилов;8 (201) 325-59-25;anastasijafomicheva@yahoo.com;Нижний Новгород;Худи оверсайз хлопок;Одежда;2;3150,00;315,00;5985,00;Доставлен и оплачен;СБП;Ozon;Онлайн-автоматизация
MS-202607-0132;08.07.2026 22:25;Матвей Ерофеевич Павлов;+7 (569) 044-68-77;nonna1980@mail.ru;Нижний Новгород;Пауэрбанк 20000 mAh FastCharge;Электроника;3;3200,00;0,00;9600,00;Передан в доставку;Безналичный расчет (юрлицо);Ozon;Онлайн-автоматизация
MS-202607-0216;08.07.2026 22:35;Моисеева Фаина Богдановна;+75540909016;fomaignatov@hotmail.com;Краснодар;Рюкзак городской водонепроницаемый;Аксессуары;1;4450,00;668,00;3782,00;Передан в доставку;При получении;VK Маркет;Ольга Кузнецова
MS-202607-0099;10.07.2026 11:44;Казаков Соломон Гордеевич;8 047 411 6806;uljanfadeev@mail.ru;Казань;Рюкзак городской водонепроницаемый;Аксессуары;1;3850,00;116,00;3734,00;Доставлен и оплачен;Безналичный расчет (юрлицо);Авито;Ольга Кузнецова
MS-202607-0208;11.07.2026 09:38;Тимофеева Нонна Степановна;+77154372551;elizaveta2004@mail.ru;Екатеринбург;Чехол для смартфона силиконовый;Аксессуары;1;750,00;112,00;638,00;Доставлен и оплачен;При получении;Авито;Елена Васильева
MS-202607-0034;11.07.2026 13:50;Лихачева Алла Евгеньевна;+7 764 860 19 46;valerijakonstantinova@gmail.com;Ростов-на-Дону;Чехол для смартфона силиконовый;Аксессуары;2;500,00;30,00;970,00;Доставлен и оплачен;При получении;VK Маркет;Максим Романов
MS-202607-0220;11.07.2026 16:26;Капитон Августович Субботин;8 397 149 5313;agge_2008@yandex.ru;Новосибирск;Набор органической косметики CareSet;Красота и уход;1;3600,00;0,00;3600,00;Доставлен и оплачен;Безналичный расчет (юрлицо);Авито;Онлайн-автоматизация
MS-202607-0110;12.07.2026 02:43;Костина Олимпиада Эдуардовна;+7 815 078 44 00;januari_62@rambler.ru;Ростов-на-Дону;Рюкзак городской водонепроницаемый;Аксессуары;1;4400,00;220,00;4180,00;Доставлен и оплачен;Банковская карта;Wildberries;Онлайн-автоматизация
MS-202607-0125;12.07.2026 04:08;Беляева Анастасия Ефимовна;8 (992) 874-6797;birjukovradislav@mail.ru;Нижний Новгород;Кроссовки городские демисезон;Обувь;2;8400,00;504,00;16296,00;Доставлен и оплачен;Долями / Сплит;VK Маркет;Елена Васильева
MS-202607-0252;12.07.2026 09:51;Терентьев Адам Елизарович;+7 (011) 169-7736;zhukovrodion@mail.ru;Самара;Крем восстанавливающий SPF 50;Красота и уход;1;1250,00;0,00;1250,00;Возврат;Банковская карта;Розничный магазин (офлайн);Елена Васильева
MS-202607-0182;12.07.2026 15:23;Будимир Аверьянович Стрелков;8 367 037 12 32;velimir1987@yandex.ru;Санкт-Петербург;Светодиодная лампа с диммером;Товары для дома;1;1300,00;0,00;1300,00;Ожидает оплаты;При получении;Ozon;Онлайн-автоматизация
MS-202607-0031;12.07.2026 23:09;Ян Игнатович Давыдов;+7 (974) 673-85-45;valentinalobanova@yandex.ru;Нижний Новгород;Пауэрбанк 20000 mAh FastCharge;Электроника;2;2200,00;0,00;4400,00;Доставлен и оплачен;Банковская карта;Wildberries;Онлайн-автоматизация
MS-202607-0239;12.07.2026 23:49;Одинцов Соломон Бориславович;+7 011 091 5986;egorovnikanor@hotmail.com;Санкт-Петербург;Набор органической косметики CareSet;Красота и уход;1;3650,00;0,00;3650,00;Доставлен и оплачен;При получении;Розничный магазин (офлайн);Елена Васильева
MS-202607-0293;13.07.2026 06:14;Ангелина Робертовна Гусева;+7 922 279 47 73;zojagordeeva@mail.ru;Екатеринбург;Худи оверсайз хлопок;Одежда;1;3800,00;190,00;3610,00;Доставлен и оплачен;Безналичный расчет (юрлицо);Авито;Онлайн-автоматизация
MS-202607-0269;13.07.2026 17:54;Парфен Артурович Евдокимов;8 068 438 89 99;alevtina_69@gmail.com;Краснодар;Защитное стекло Premium 9D;Аксессуары;1;550,00;16,00;534,00;Доставлен и оплачен;Банковская карта;VK Маркет;Максим Романов
MS-202607-0203;13.07.2026 19:24;Лебедев Панкрат Ярославович;8 (262) 645-7175;aristarh1995@mail.ru;Краснодар;Чехол для смартфона силиконовый;Аксессуары;1;850,00;26,00;824,00;Доставлен и оплачен;При получении;Розничный магазин (офлайн);Ольга Кузнецова
MS-202607-0264;13.07.2026 22:16;Бобылев Евдоким Авдеевич;+7 076 093 61 59;uljanastrelkova@mail.ru;Москва;Чехол для смартфона силиконовый;Аксессуары;1;550,00;82,00;468,00;Доставлен и оплачен;Долями / Сплит;Wildberries;Онлайн-автоматизация
MS-202607-0001;13.07.2026 22:51;Ираида Вениаминовна Логинова;+7 (255) 898-8961;agata2021@rambler.ru;Краснодар;Чехол для смартфона силиконовый;Аксессуары;2;750,00;0,00;1500,00;Доставлен и оплачен;Долями / Сплит;Сайт (интернет-магазин);Дмитрий Ковалев
MS-202607-0138;14.07.2026 00:31;Щербакова Надежда Рубеновна;+7 (010) 467-0391;filippovignati@yandex.ru;Нижний Новгород;Набор органической косметики CareSet;Красота и уход;1;2150,00;215,00;1935,00;Доставлен и оплачен;Безналичный расчет (юрлицо);Wildberries;Онлайн-автоматизация
MS-202607-0244;14.07.2026 04:26;Светлана Анатольевна Петрова;+7 (758) 499-3775;fevronijagordeeva@yandex.ru;Казань;Кроссовки городские демисезон;Обувь;1;6200,00;0,00;6200,00;Доставлен и оплачен;При получении;Сайт (интернет-магазин);Анна Смирнова
MS-202607-0148;14.07.2026 06:42;Петухов Касьян Демьянович;86579290516;vladimir_1988@yahoo.com;Ростов-на-Дону;Чехол для смартфона силиконовый;Аксессуары;1;550,00;16,00;534,00;Передан в доставку;При получении;Розничный магазин (офлайн);Ольга Кузнецова
MS-202607-0008;14.07.2026 11:54;Муравьева Нинель Рудольфовна;8 (290) 862-2559;alinanazarova@yahoo.com;Санкт-Петербург;Худи оверсайз хлопок;Одежда;2;3400,00;340,00;6460,00;Передан в доставку;СБП;Авито;Максим Романов
MS-202607-0192;14.07.2026 14:52;Смирнова Ксения Тимуровна;8 (171) 378-8122;emeljankoshelev@mail.ru;Ростов-на-Дону;Термокружка вакуумная 500мл;Товары для дома;1;800,00;24,00;776,00;Доставлен и оплачен;Безналичный расчет (юрлицо);Ozon;Онлайн-автоматизация
MS-202607-0226;14.07.2026 17:17;Куликова Нина Леонидовна;+7 (185) 300-6480;jakov14@yandex.ru;Самара;Кабель USB-C - Lightning нейлон 1.5м;Аксессуары;1;700,00;0,00;700,00;Доставлен и оплачен;Банковская карта;Сайт (интернет-магазин);Онлайн-автоматизация
MS-202607-0091;14.07.2026 22:59;Таисия Феликсовна Лукина;+7 826 428 96 64;nikodim_72@mail.ru;Краснодар;Набор органической косметики CareSet;Красота и уход;2;1900,00;0,00;3800,00;Отменен клиентом;Безналичный расчет (юрлицо);Розничный магазин (офлайн);Елена Васильева
MS-202607-0230;15.07.2026 06:12;Антонин Даниилович Рожков;8 (718) 864-03-90;mihail_1975@mail.ru;Казань;Кроссовки городские демисезон;Обувь;2;5400,00;1080,00;9720,00;Доставлен и оплачен;Банковская карта;VK Маркет;Ольга Кузнецова
MS-202607-0165;15.07.2026 07:49;Колесникова Ирина Эльдаровна;+7 083 125 6050;xpestov@yahoo.com;Ростов-на-Дону;Крем восстанавливающий SPF 50;Красота и уход;2;1000,00;100,00;1900,00;Возврат;Долями / Сплит;Wildberries;Онлайн-автоматизация
MS-202607-0135;15.07.2026 16:44;Никанор Елизарович Фокин;8 034 532 2900;foka_50@rambler.ru;Ростов-на-Дону;Набор органической косметики CareSet;Красота и уход;2;1950,00;390,00;3510,00;В обработке;СБП;Авито;Ольга Кузнецова
MS-202607-0298;15.07.2026 19:11;Ольга Макаровна Михеева;+76282827225;evdokimovnikanor@yahoo.com;Санкт-Петербург;Набор органической косметики CareSet;Красота и уход;1;1900,00;190,00;1710,00;В обработке;Безналичный расчет (юрлицо);Авито;Максим Романов
MS-202607-0120;16.07.2026 04:29;Лидия Аскольдовна Евдокимова;+7 972 158 54 92;valentinsavin@rambler.ru;Самара;Чехол для смартфона силиконовый;Аксессуары;1;750,00;0,00;750,00;Доставлен и оплачен;Банковская карта;Розничный магазин (офлайн);Ольга Кузнецова
MS-202607-0088;16.07.2026 06:49;Андреева Антонина Владимировна;+7 (915) 635-2777;trofim_2012@gmail.com;Москва;Защитное стекло Premium 9D;Аксессуары;1;450,00;0,00;450,00;Доставлен и оплачен;СБП;Авито;Онлайн-автоматизация
MS-202607-0018;16.07.2026 13:12;Милан Гертрудович Антонов;8 (986) 131-8482;anisimovaraisa@yahoo.com;Краснодар;Кроссовки городские демисезон;Обувь;1;8600,00;0,00;8600,00;Доставлен и оплачен;Банковская карта;Ozon;Онлайн-автоматизация
MS-202607-0179;16.07.2026 15:14;Романов Станислав Еремеевич;84493997569;pelageja2003@yandex.ru;Санкт-Петербург;Кабель USB-C - Lightning нейлон 1.5м;Аксессуары;3;500,00;0,00;1500,00;Передан в доставку;СБП;Авито;Ольга Кузнецова
MS-202607-0004;16.07.2026 19:50;Майя Даниловна Евсеева;+7 474 744 37 85;alinaprohorova@mail.ru;Ростов-на-Дону;Термокружка вакуумная 500мл;Товары для дома;1;1000,00;0,00;1000,00;Доставлен и оплачен;Банковская карта;Розничный магазин (офлайн);Максим Романов
MS-202607-0071;17.07.2026 01:26;Александра Яковлевна Филатова;8 231 904 2666;pankrati22@hotmail.com;Казань;Беспроводные наушники X-Sound Pro;Электроника;2;3550,00;355,00;6745,00;Передан в доставку;СБП;Wildberries;Онлайн-автоматизация
MS-202607-0214;17.07.2026 01:35;Ираида Вениаминовна Логинова;+7 (255) 898-8961;agata2021@rambler.ru;Краснодар;Пауэрбанк 20000 mAh FastCharge;Электроника;1;3200,00;320,00;2880,00;В обработке;Безналичный расчет (юрлицо);Wildberries;Онлайн-автоматизация
MS-202607-0061;17.07.2026 17:03;Надежда Семеновна Зуева;+7 (010) 461-7201;ipat1999@yahoo.com;Санкт-Петербург;Умные часы FitPulse Max;Электроника;2;7600,00;760,00;14440,00;Доставлен и оплачен;Безналичный расчет (юрлицо);Wildberries;Онлайн-автоматизация
MS-202607-0010;17.07.2026 17:32;Игнатий Игнатьевич Бирюков;+7 616 244 8080;avgust_1988@gmail.com;Екатеринбург;Футболка базовая оверсайз;Одежда;1;1100,00;110,00;990,00;В обработке;Безналичный расчет (юрлицо);Розничный магазин (офлайн);Елена Васильева
MS-202607-0093;17.07.2026 18:53;Яковлева Агата Ждановна;+7 (222) 373-84-89;ruben1977@yandex.ru;Нижний Новгород;Умные часы FitPulse Max;Электроника;1;10950,00;548,00;10402,00;Доставлен и оплачен;Долями / Сплит;Розничный магазин (офлайн);Елена Васильева
MS-202607-0150;17.07.2026 21:05;Зиновий Владиленович Симонов;8 122 796 91 09;lmuravev@yahoo.com;Санкт-Петербург;Термокружка вакуумная 500мл;Товары для дома;1;1450,00;44,00;1406,00;Доставлен и оплачен;Безналичный расчет (юрлицо);Розничный магазин (офлайн);Дмитрий Ковалев
MS-202607-0029;18.07.2026 12:43;Ярослав Изотович Игнатов;+7 521 917 95 47;vladislav85@mail.ru;Екатеринбург;Чехол для смартфона силиконовый;Аксессуары;1;450,00;0,00;450,00;Доставлен и оплачен;Банковская карта;Авито;Анна Смирнова
MS-202607-0059;18.07.2026 17:41;Дементий Елисеевич Калашников;+7 (215) 249-3001;lev1989@gmail.com;Ростов-на-Дону;Кабель USB-C - Lightning нейлон 1.5м;Аксессуары;2;1000,00;60,00;1940,00;Доставлен и оплачен;Долями / Сплит;Сайт (интернет-магазин);Дмитрий Ковалев
MS-202607-0066;19.07.2026 05:59;Крылова Наина Тимуровна;+7 440 168 61 77;egor2007@gmail.com;Казань;Термокружка вакуумная 500мл;Товары для дома;3;850,00;0,00;2550,00;Отменен клиентом;При получении;Авито;Елена Васильева
MS-202607-0117;19.07.2026 07:24;Евдоким Фёдорович Громов;8 439 239 04 16;arhipkomarov@gmail.com;Казань;Беспроводные наушники X-Sound Pro;Электроника;1;5200,00;0,00;5200,00;В обработке;Банковская карта;Авито;Дмитрий Ковалев
MS-202607-0171;20.07.2026 01:33;Фомичева Октябрина Геннадиевна;8 535 071 1075;muravevaevdokija@gmail.com;Ростов-на-Дону;Пауэрбанк 20000 mAh FastCharge;Электроника;1;3350,00;0,00;3350,00;Доставлен и оплачен;Безналичный расчет (юрлицо);Розничный магазин (офлайн);Елена Васильева
MS-202607-0116;20.07.2026 17:13;Любим Харлампьевич Ильин;8 (477) 811-42-65;kuprijankopilov@yandex.ru;Казань;Беспроводные наушники X-Sound Pro;Электроника;1;5600,00;0,00;5600,00;Доставлен и оплачен;Безналичный расчет (юрлицо);Сайт (интернет-магазин);Онлайн-автоматизация
MS-202607-0173;20.07.2026 19:57;Алина Валентиновна Владимирова;+71363699840;izmailsolovev@hotmail.com;Санкт-Петербург;Умные часы FitPulse Max;Электроника;1;9700,00;0,00;9700,00;Доставлен и оплачен;Безналичный расчет (юрлицо);VK Маркет;Онлайн-автоматизация
MS-202607-0265;20.07.2026 20:58;Воронова Милица Валентиновна;8 904 518 15 01;marinailina@gmail.com;Краснодар;Крем восстанавливающий SPF 50;Красота и уход;2;800,00;0,00;1600,00;Доставлен и оплачен;Долями / Сплит;Ozon;Онлайн-автоматизация
MS-202607-0281;20.07.2026 23:57;Павел Виленович Мельников;8 (256) 028-2826;savvatidmitriev@rambler.ru;Санкт-Петербург;Термокружка вакуумная 500мл;Товары для дома;1;1600,00;0,00;1600,00;Доставлен и оплачен;СБП;Ozon;Онлайн-автоматизация
MS-202607-0126;21.07.2026 00:27;Фомичева Виктория Харитоновна;+7 (895) 225-1525;kudrjashovprokl@rambler.ru;Самара;Крем восстанавливающий SPF 50;Красота и уход;1;1700,00;85,00;1615,00;Отменен клиентом;Долями / Сплит;Авито;Анна Смирнова
MS-202607-0196;21.07.2026 05:26;Соловьева Майя Альбертовна;+7 389 118 0645;vladislavkonstantinov@yahoo.com;Новосибирск;Рюкзак городской водонепроницаемый;Аксессуары;1;4350,00;0,00;4350,00;Доставлен и оплачен;Банковская карта;Сайт (интернет-магазин);Ольга Кузнецова
MS-202607-0259;21.07.2026 11:43;Максимов Анатолий Феликсович;+7 (613) 234-2030;hariton_1998@hotmail.com;Краснодар;Крем восстанавливающий SPF 50;Красота и уход;1;1100,00;33,00;1067,00;В обработке;Безналичный расчет (юрлицо);Авито;Максим Романов
MS-202607-0266;21.07.2026 13:27;Родионов Епифан Димитриевич;8 (472) 546-17-25;gleb_86@mail.ru;Санкт-Петербург;Умные часы FitPulse Max;Электроника;2;9850,00;0,00;19700,00;Доставлен и оплачен;Безналичный расчет (юрлицо);Wildberries;Онлайн-автоматизация
MS-202607-0064;22.07.2026 01:04;Надежда Вениаминовна Носова;+70425686838;knjazevazinaida@gmail.com;Новосибирск;Кроссовки городские демисезон;Обувь;2;4600,00;276,00;8924,00;Передан в доставку;Долями / Сплит;Ozon;Онлайн-автоматизация
MS-202607-0072;22.07.2026 05:47;Глафира Афанасьевна Мясникова;+7 (008) 478-7093;petrovaevdokija@gmail.com;Ростов-на-Дону;Кабель USB-C - Lightning нейлон 1.5м;Аксессуары;1;1100,00;0,00;1100,00;Возврат;Безналичный расчет (юрлицо);Авито;Анна Смирнова
MS-202607-0104;22.07.2026 09:11;Кириллов Сидор Владленович;8 (681) 075-91-51;alina_1995@mail.ru;Новосибирск;Беспроводные наушники X-Sound Pro;Электроника;1;7050,00;0,00;7050,00;Доставлен и оплачен;Долями / Сплит;Сайт (интернет-магазин);Максим Романов
MS-202607-0170;22.07.2026 15:05;Муравьев Рюрик Ефремович;87833373997;petuhovsokrat@gmail.com;Казань;Умные часы FitPulse Max;Электроника;2;8200,00;1640,00;14760,00;Отменен клиентом;Безналичный расчет (юрлицо);Wildberries;Онлайн-автоматизация
MS-202607-0149;22.07.2026 15:32;Селиван Владиленович Носов;85350161493;shirjaevnikita@yandex.ru;Казань;Чехол для смартфона силиконовый;Аксессуары;4;650,00;78,00;2522,00;Доставлен и оплачен;Банковская карта;VK Маркет;Максим Романов
MS-202607-0228;22.07.2026 16:10;Синклитикия Вячеславовна Карпова;80509028452;prohorsuhanov@mail.ru;Екатеринбург;Увлажнитель воздуха ультразвуковой;Товары для дома;1;2450,00;0,00;2450,00;Передан в доставку;Долями / Сплит;Сайт (интернет-магазин);Онлайн-автоматизация
MS-202607-0300;22.07.2026 20:32;Мухина Тамара Аркадьевна;8 803 054 32 69;seliverstovaalla@rambler.ru;Краснодар;Умные часы FitPulse Max;Электроника;3;9050,00;814,00;26336,00;Возврат;СБП;Ozon;Онлайн-автоматизация
MS-202607-0087;22.07.2026 21:11;Мясников Селиверст Авдеевич;8 775 239 62 23;samsonovfilimon@rambler.ru;Екатеринбург;Кабель USB-C - Lightning нейлон 1.5м;Аксессуары;2;1150,00;230,00;2070,00;Доставлен и оплачен;Долями / Сплит;VK Маркет;Ольга Кузнецова
MS-202607-0224;23.07.2026 00:03;Сильвестр Димитриевич Зыков;8 (617) 230-63-78;serafim1991@yahoo.com;Казань;Светодиодная лампа с диммером;Товары для дома;1;2250,00;0,00;2250,00;Доставлен и оплачен;Банковская карта;Сайт (интернет-магазин);Дмитрий Ковалев
MS-202607-0141;23.07.2026 01:43;Сократ Бориславович Фадеев;8 (739) 400-1399;gavrila32@mail.ru;Москва;Защитное стекло Premium 9D;Аксессуары;1;350,00;10,00;340,00;Доставлен и оплачен;При получении;VK Маркет;Максим Романов
MS-202607-0258;23.07.2026 11:05;Иванов Семен Елисеевич;+7 (118) 840-2034;vasili_46@yahoo.com;Краснодар;Термокружка вакуумная 500мл;Товары для дома;1;1150,00;58,00;1092,00;Передан в доставку;СБП;Розничный магазин (офлайн);Анна Смирнова
MS-202607-0204;23.07.2026 16:47;Сидор Теймуразович Титов;+7 322 864 73 58;ruslanbirjukov@gmail.com;Санкт-Петербург;Беспроводные наушники X-Sound Pro;Электроника;1;6000,00;0,00;6000,00;Доставлен и оплачен;Долями / Сплит;Авито;Ольга Кузнецова
MS-202607-0102;24.07.2026 02:17;Моисеева Фаина Богдановна;+75540909016;fomaignatov@hotmail.com;Краснодар;Рюкзак городской водонепроницаемый;Аксессуары;1;2550,00;0,00;2550,00;В обработке;Банковская карта;Авито;Анна Смирнова
MS-202607-0083;24.07.2026 02:33;Фаина Станиславовна Никифорова;8 (923) 586-05-77;ermakovaalina@yahoo.com;Краснодар;Футболка базовая оверсайз;Одежда;2;2050,00;123,00;3977,00;Доставлен и оплачен;Банковская карта;Авито;Максим Романов
MS-202607-0223;24.07.2026 08:55;Анжела Ждановна Афанасьева;+79234526043;veronika58@mail.ru;Санкт-Петербург;Умные часы FitPulse Max;Электроника;2;4450,00;890,00;8010,00;Доставлен и оплачен;СБП;Wildberries;Онлайн-автоматизация
MS-202607-0062;24.07.2026 11:35;Федор Артёмович Вишняков;+7 052 731 4299;arkadi_1992@rambler.ru;Краснодар;Защитное стекло Premium 9D;Аксессуары;3;550,00;82,00;1568,00;Отменен клиентом;При получении;Сайт (интернет-магазин);Онлайн-автоматизация
MS-202607-0151;24.07.2026 13:53;Дементий Елисеевич Калашников;+7 (215) 249-3001;lev1989@gmail.com;Ростов-на-Дону;Набор органической косметики CareSet;Красота и уход;1;2400,00;72,00;2328,00;Доставлен и оплачен;СБП;Wildberries;Онлайн-автоматизация
MS-202607-0094;24.07.2026 14:44;Антонин Даниилович Рожков;8 (718) 864-03-90;mihail_1975@mail.ru;Казань;Футболка базовая оверсайз;Одежда;5;1350,00;675,00;6075,00;Доставлен и оплачен;СБП;VK Маркет;Анна Смирнова
MS-202607-0037;24.07.2026 20:15;Агата Руслановна Турова;8 (294) 483-2426;molchanovazhanna@hotmail.com;Ростов-на-Дону;Футболка базовая оверсайз;Одежда;1;1500,00;75,00;1425,00;Передан в доставку;Банковская карта;Wildberries;Онлайн-автоматизация
MS-202607-0210;25.07.2026 11:56;Валентин Харлампович Елисеев;+7 717 725 9313;evstafilukin@rambler.ru;Краснодар;Кабель USB-C - Lightning нейлон 1.5м;Аксессуары;2;550,00;110,00;990,00;Доставлен и оплачен;Банковская карта;Ozon;Онлайн-автоматизация
MS-202607-0070;26.07.2026 11:07;Гурий Дорофеевич Киселев;8 (073) 564-3740;alinatsvetkova@rambler.ru;Казань;Худи оверсайз хлопок;Одежда;1;3450,00;172,00;3278,00;Передан в доставку;СБП;Сайт (интернет-магазин);Ольга Кузнецова
MS-202607-0015;26.07.2026 12:27;тов. Одинцов Борис Гурьевич;8 153 051 6478;ignati_56@yandex.ru;Новосибирск;Увлажнитель воздуха ультразвуковой;Товары для дома;1;3400,00;102,00;3298,00;Доставлен и оплачен;Банковская карта;Розничный магазин (офлайн);Анна Смирнова
MS-202607-0240;26.07.2026 12:51;Исаков Роман Денисович;+7 154 053 47 48;moiseknjazev@yahoo.com;Самара;Увлажнитель воздуха ультразвуковой;Товары для дома;5;2150,00;322,00;10428,00;Передан в доставку;Банковская карта;VK Маркет;Елена Васильева
MS-202607-0129;26.07.2026 16:03;Ситников Аверьян Ермилович;8 657 591 93 60;pbespalov@mail.ru;Санкт-Петербург;Рюкзак городской водонепроницаемый;Аксессуары;1;5200,00;156,00;5044,00;Отменен клиентом;Долями / Сплит;Wildberries;Онлайн-автоматизация
MS-202607-0085;26.07.2026 21:33;Нина Вениаминовна Фокина;+7 (886) 048-1714;merkushevaanzhelika@mail.ru;Москва;Пауэрбанк 20000 mAh FastCharge;Электроника;1;2850,00;0,00;2850,00;Доставлен и оплачен;При получении;VK Маркет;Ольга Кузнецова
MS-202607-0144;27.07.2026 09:14;Александрова Маргарита Валериевна;81658684203;boleslav_1974@mail.ru;Екатеринбург;Набор органической косметики CareSet;Красота и уход;1;2850,00;86,00;2764,00;Доставлен и оплачен;Безналичный расчет (юрлицо);Ozon;Онлайн-автоматизация
MS-202607-0247;27.07.2026 13:00;Вишняков Тарас Дорофеевич;8 437 913 8355;emeljanovapollon@yahoo.com;Самара;Умные часы FitPulse Max;Электроника;1;6350,00;318,00;6032,00;Отменен клиентом;Долями / Сплит;Авито;Анна Смирнова
MS-202607-0137;27.07.2026 23:33;Мария Рудольфовна Рябова;+7 342 965 38 55;mihalovasinklitikija@gmail.com;Нижний Новгород;Набор органической косметики CareSet;Красота и уход;1;2150,00;64,00;2086,00;Доставлен и оплачен;Безналичный расчет (юрлицо);Wildberries;Онлайн-автоматизация
MS-202607-0191;27.07.2026 23:56;Самойлов Денис Алексеевич;8 027 584 3978;uljana_48@mail.ru;Екатеринбург;Увлажнитель воздуха ультразвуковой;Товары для дома;1;3700,00;185,00;3515,00;Доставлен и оплачен;Долями / Сплит;Авито;Максим Романов
MS-202607-0122;28.07.2026 09:54;Наталья Макаровна Сергеева;8 (663) 997-5965;ustinovafekla@mail.ru;Новосибирск;Увлажнитель воздуха ультразвуковой;Товары для дома;1;4350,00;0,00;4350,00;Доставлен и оплачен;Банковская карта;Розничный магазин (офлайн);Дмитрий Ковалев
MS-202607-0065;28.07.2026 10:27;Тарасов Феофан Валентинович;+7 969 859 8657;poljakovmakar@yandex.ru;Нижний Новгород;Худи оверсайз хлопок;Одежда;2;2800,00;0,00;5600,00;Передан в доставку;Долями / Сплит;Wildberries;Онлайн-автоматизация
MS-202607-0272;28.07.2026 12:00;Антонин Даниилович Рожков;8 (718) 864-03-90;mihail_1975@mail.ru;Казань;Пауэрбанк 20000 mAh FastCharge;Электроника;1;2450,00;74,00;2376,00;Доставлен и оплачен;СБП;Wildberries;Онлайн-автоматизация
MS-202607-0067;29.07.2026 05:43;Олимпий Федотович Давыдов;8 075 573 6843;iterentev@yahoo.com;Москва;Футболка базовая оверсайз;Одежда;1;2150,00;0,00;2150,00;В обработке;СБП;Розничный магазин (офлайн);Максим Романов
MS-202607-0118;29.07.2026 14:57;Субботин Артемий Зиновьевич;+7 945 039 0464;milovan2019@gmail.com;Екатеринбург;Крем восстанавливающий SPF 50;Красота и уход;1;1200,00;0,00;1200,00;Доставлен и оплачен;СБП;VK Маркет;Анна Смирнова
MS-202607-0069;29.07.2026 21:26;Назарова Октябрина Болеславовна;+7 (114) 443-51-51;anastasijamiheeva@yahoo.com;Краснодар;Худи оверсайз хлопок;Одежда;1;4750,00;238,00;4512,00;Возврат;При получении;Авито;Анна Смирнова
MS-202607-0222;30.07.2026 05:46;Ярослав Харлампович Исаев;+78706150932;innokenti_09@gmail.com;Ростов-на-Дону;Защитное стекло Premium 9D;Аксессуары;1;450,00;0,00;450,00;Доставлен и оплачен;При получении;Розничный магазин (офлайн);Онлайн-автоматизация
MS-202607-0095;31.07.2026 18:55;Ираида Вениаминовна Логинова;+7 (255) 898-8961;agata2021@rambler.ru;Краснодар;Увлажнитель воздуха ультразвуковой;Товары для дома;3;3150,00;284,00;9166,00;Доставлен и оплачен;СБП;Wildberries;Онлайн-автоматизация
MS-202608-0261;01.08.2026 01:55;Гущина Наталья Ждановна;8 619 157 0882;boleslav1994@yahoo.com;Нижний Новгород;Набор органической косметики CareSet;Красота и уход;1;1950,00;58,00;1892,00;Доставлен и оплачен;Безналичный расчет (юрлицо);Авито;Онлайн-автоматизация
MS-202608-0027;01.08.2026 03:27;Эраст Эдгарович Королев;+7 (352) 158-0146;ijamishina@yahoo.com;Краснодар;Чехол для смартфона силиконовый;Аксессуары;1;500,00;75,00;425,00;Доставлен и оплачен;При получении;Розничный магазин (офлайн);Дмитрий Ковалев
MS-202608-0089;01.08.2026 04:54;Игнатий Игнатьевич Бирюков;+7 616 244 8080;avgust_1988@gmail.com;Екатеринбург;Умные часы FitPulse Max;Электроника;1;9900,00;0,00;9900,00;Доставлен и оплачен;Долями / Сплит;Авито;Онлайн-автоматизация
MS-202608-0243;01.08.2026 12:07;Меркушева Анжела Степановна;+7 288 606 39 29;aleksandrovaivanna@rambler.ru;Самара;Защитное стекло Premium 9D;Аксессуары;4;550,00;0,00;2200,00;Доставлен и оплачен;Безналичный расчет (юрлицо);Сайт (интернет-магазин);Онлайн-автоматизация
MS-202608-0194;01.08.2026 23:10;Копылова Валентина Тарасовна;8 473 178 4792;pahom46@mail.ru;Нижний Новгород;Термокружка вакуумная 500мл;Товары для дома;1;1100,00;0,00;1100,00;Передан в доставку;СБП;Сайт (интернет-магазин);Елена Васильева
MS-202608-0197;02.08.2026 06:39;Ларионова Ираида Леонидовна;8 638 141 1913;zoja37@hotmail.com;Новосибирск;Набор органической косметики CareSet;Красота и уход;1;2450,00;74,00;2376,00;Доставлен и оплачен;Банковская карта;Ozon;Онлайн-автоматизация
MS-202608-0052;02.08.2026 11:04;Марфа Львовна Шубина;82122033491;vmaslov@gmail.com;Ростов-на-Дону;Термокружка вакуумная 500мл;Товары для дома;1;1600,00;48,00;1552,00;В обработке;При получении;Сайт (интернет-магазин);Ольга Кузнецова
MS-202608-0229;02.08.2026 17:10;Федот Иосипович Кириллов;+7 977 943 23 10;marijamakarova@mail.ru;Ростов-на-Дону;Термокружка вакуумная 500мл;Товары для дома;1;1300,00;195,00;1105,00;Возврат;Банковская карта;Ozon;Онлайн-автоматизация
MS-202608-0026;02.08.2026 23:27;Исай Эдгардович Ефремов;80854549886;fedoseevaalla@yahoo.com;Казань;Набор органической косметики CareSet;Красота и уход;1;2900,00;0,00;2900,00;Возврат;СБП;VK Маркет;Елена Васильева
MS-202608-0056;03.08.2026 00:29;Морозов Мефодий Виленович;+7 856 852 97 85;faina01@mail.ru;Новосибирск;Умные часы FitPulse Max;Электроника;1;11800,00;590,00;11210,00;Доставлен и оплачен;Банковская карта;Авито;Анна Смирнова
MS-202608-0058;03.08.2026 04:00;Назар Харламович Ильин;8 393 111 06 80;tamaralavrenteva@yandex.ru;Ростов-на-Дону;Умные часы FitPulse Max;Электроника;1;11100,00;333,00;10767,00;Доставлен и оплачен;При получении;Авито;Онлайн-автоматизация
MS-202608-0092;03.08.2026 11:25;Степанова Майя Оскаровна;+70878323725;zoja2013@rambler.ru;Казань;Умные часы FitPulse Max;Электроника;1;8450,00;422,00;8028,00;Доставлен и оплачен;Долями / Сплит;VK Маркет;Анна Смирнова
MS-202608-0263;03.08.2026 13:01;Ипполит Жанович Филиппов;+7 063 021 1147;samson_43@mail.ru;Самара;Худи оверсайз хлопок;Одежда;1;4400,00;0,00;4400,00;Ожидает оплаты;Долями / Сплит;Ozon;Онлайн-автоматизация
MS-202608-0154;03.08.2026 15:37;Логинов Тихон Владленович;+7 398 821 3470;filaret85@hotmail.com;Краснодар;Худи оверсайз хлопок;Одежда;1;3650,00;0,00;3650,00;Передан в доставку;Долями / Сплит;VK Маркет;Елена Васильева
MS-202608-0292;03.08.2026 22:19;Макар Геннадиевич Мясников;+7 328 131 53 77;nazar_1984@hotmail.com;Москва;Худи оверсайз хлопок;Одежда;1;5500,00;165,00;5335,00;Отменен клиентом;Долями / Сплит;Авито;Ольга Кузнецова
MS-202608-0113;04.08.2026 06:01;Фаина Александровна Овчинникова;+7 079 776 93 19;lebedevataisija@mail.ru;Самара;Кроссовки городские демисезон;Обувь;5;8850,00;0,00;44250,00;Передан в доставку;СБП;Сайт (интернет-магазин);Онлайн-автоматизация
MS-202608-0041;04.08.2026 08:53;Кабанов Кондрат Эдгардович;8 854 348 49 80;leontikolobov@yahoo.com;Самара;Светодиодная лампа с диммером;Товары для дома;2;1400,00;0,00;2800,00;Доставлен и оплачен;При получении;Wildberries;Онлайн-автоматизация
MS-202608-0219;04.08.2026 21:53;Кулагина Оксана Харитоновна;+7 (435) 059-11-53;ustinovvissarion@yahoo.com;Казань;Увлажнитель воздуха ультразвуковой;Товары для дома;1;4400,00;440,00;3960,00;Отменен клиентом;Долями / Сплит;Wildberries;Онлайн-автоматизация
MS-202608-0284;04.08.2026 22:08;Глафира Семеновна Носова;+7 331 029 05 67;fominanaina@mail.ru;Москва;Набор органической косметики CareSet;Красота и уход;2;2750,00;165,00;5335,00;Отменен клиентом;При получении;Сайт (интернет-магазин);Онлайн-автоматизация
MS-202608-0169;05.08.2026 01:33;Лобанов Кир Дорофеевич;+7 (016) 571-42-10;tamarakolobova@yandex.ru;Краснодар;Термокружка вакуумная 500мл;Товары для дома;1;1250,00;38,00;1212,00;Доставлен и оплачен;Банковская карта;Ozon;Онлайн-автоматизация
MS-202608-0256;05.08.2026 01:34;Данила Харитонович Герасимов;8 (847) 679-6077;boleslavkrjukov@mail.ru;Ростов-на-Дону;Кроссовки городские демисезон;Обувь;1;4550,00;228,00;4322,00;Доставлен и оплачен;Безналичный расчет (юрлицо);Розничный магазин (офлайн);Анна Смирнова
MS-202608-0036;05.08.2026 05:42;Максимов Анатолий Феликсович;+7 (613) 234-2030;hariton_1998@hotmail.com;Краснодар;Светодиодная лампа с диммером;Товары для дома;1;2250,00;112,00;2138,00;Доставлен и оплачен;При получении;Розничный магазин (офлайн);Дмитрий Ковалев
MS-202608-0145;05.08.2026 06:10;Мясников Селиверст Авдеевич;8 775 239 62 23;samsonovfilimon@rambler.ru;Екатеринбург;Рюкзак городской водонепроницаемый;Аксессуары;1;3550,00;0,00;3550,00;Передан в доставку;СБП;Ozon;Онлайн-автоматизация
MS-202608-0221;05.08.2026 21:11;Соколов Ираклий Давыдович;8 (280) 563-15-93;maksimkalinin@mail.ru;Новосибирск;Набор органической косметики CareSet;Красота и уход;5;3150,00;0,00;15750,00;Доставлен и оплачен;При получении;Сайт (интернет-магазин);Ольга Кузнецова
MS-202608-0190;06.08.2026 10:23;Силина Василиса Рубеновна;8 160 705 62 00;ovchinnikovaolga@mail.ru;Новосибирск;Крем восстанавливающий SPF 50;Красота и уход;1;900,00;90,00;810,00;Отменен клиентом;Долями / Сплит;VK Маркет;Онлайн-автоматизация
MS-202608-0177;08.08.2026 10:25;Марфа Алексеевна Иванова;+7 (062) 053-9209;seleznevaolimpiada@gmail.com;Новосибирск;Беспроводные наушники X-Sound Pro;Электроника;1;5250,00;0,00;5250,00;Доставлен и оплачен;Безналичный расчет (юрлицо);Сайт (интернет-магазин);Анна Смирнова
MS-202608-0017;08.08.2026 16:38;Медведева Наталья Богдановна;8 (256) 680-0930;prokl_2010@yandex.ru;Краснодар;Худи оверсайз хлопок;Одежда;1;3400,00;102,00;3298,00;Доставлен и оплачен;При получении;Сайт (интернет-магазин);Елена Васильева
MS-202608-0047;08.08.2026 19:24;Сидор Теймуразович Титов;+7 322 864 73 58;ruslanbirjukov@gmail.com;Санкт-Петербург;Пауэрбанк 20000 mAh FastCharge;Электроника;1;3700,00;185,00;3515,00;Доставлен и оплачен;СБП;VK Маркет;Онлайн-автоматизация
MS-202608-0105;09.08.2026 01:17;Надежда Афанасьевна Веселова;+7 (042) 802-41-38;varvara_2006@gmail.com;Екатеринбург;Крем восстанавливающий SPF 50;Красота и уход;1;1350,00;135,00;1215,00;Доставлен и оплачен;Долями / Сплит;Ozon;Онлайн-автоматизация
MS-202608-0039;09.08.2026 11:20;Мамонтов Ростислав Фёдорович;+7 977 635 8749;vishnjakovandron@hotmail.com;Екатеринбург;Кабель USB-C - Lightning нейлон 1.5м;Аксессуары;2;850,00;0,00;1700,00;Доставлен и оплачен;Безналичный расчет (юрлицо);Розничный магазин (офлайн);Максим Романов
MS-202608-0271;10.08.2026 18:04;Алексеева Нонна Ивановна;+7 340 478 53 63;dobroslavfomichev@gmail.com;Самара;Пауэрбанк 20000 mAh FastCharge;Электроника;1;1900,00;190,00;1710,00;Отменен клиентом;Банковская карта;Авито;Ольга Кузнецова
MS-202608-0068;10.08.2026 22:10;Эмилия Яковлевна Афанасьева;8 (981) 955-3596;svjatoslav2020@gmail.com;Санкт-Петербург;Светодиодная лампа с диммером;Товары для дома;1;1400,00;0,00;1400,00;Отменен клиентом;При получении;Авито;Анна Смирнова
MS-202608-0270;11.08.2026 00:38;Михайлова Лора Артемовна;8 882 014 63 73;kim1979@mail.ru;Москва;Рюкзак городской водонепроницаемый;Аксессуары;1;3950,00;0,00;3950,00;Доставлен и оплачен;Долями / Сплит;Wildberries;Онлайн-автоматизация
MS-202608-0201;11.08.2026 04:15;Савельев Изот Ильясович;+7 535 553 89 54;irakli2014@yandex.ru;Москва;Увлажнитель воздуха ультразвуковой;Товары для дома;1;3150,00;0,00;3150,00;В обработке;Долями / Сплит;Wildberries;Онлайн-автоматизация
MS-202608-0040;11.08.2026 08:56;Василиса Станиславовна Петухова;+7 024 643 21 52;trifon_30@gmail.com;Ростов-на-Дону;Кабель USB-C - Lightning нейлон 1.5м;Аксессуары;2;1200,00;240,00;2160,00;Отменен клиентом;При получении;Розничный магазин (офлайн);Анна Смирнова
MS-202608-0081;11.08.2026 09:58;Щербаков Ярослав Бориславович;+7 589 249 60 31;galinakrasilnikova@mail.ru;Казань;Умные часы FitPulse Max;Электроника;1;4250,00;0,00;4250,00;Доставлен и оплачен;Долями / Сплит;Авито;Анна Смирнова
MS-202608-0193;11.08.2026 13:07;Симонова Олимпиада Захаровна;8 874 232 1129;kalashnikovaljubov@yahoo.com;Краснодар;Беспроводные наушники X-Sound Pro;Электроника;1;5750,00;0,00;5750,00;Доставлен и оплачен;Безналичный расчет (юрлицо);Ozon;Онлайн-автоматизация
MS-202608-0241;12.08.2026 02:17;Горбачева Ксения Максимовна;8 (446) 286-19-79;kopilovgerasim@yandex.ru;Ростов-на-Дону;Увлажнитель воздуха ультразвуковой;Товары для дома;1;4650,00;0,00;4650,00;Передан в доставку;Банковская карта;Wildberries;Онлайн-автоматизация
MS-202608-0294;12.08.2026 03:00;Капитон Августович Субботин;8 397 149 5313;agge_2008@yandex.ru;Новосибирск;Рюкзак городской водонепроницаемый;Аксессуары;2;4250,00;255,00;8245,00;Возврат;Банковская карта;Wildberries;Онлайн-автоматизация
MS-202608-0012;12.08.2026 12:03;Лихачев Радим Дмитриевич;8 529 986 09 97;polikarpkalashnikov@gmail.com;Москва;Беспроводные наушники X-Sound Pro;Электроника;1;6350,00;318,00;6032,00;В обработке;Безналичный расчет (юрлицо);Авито;Елена Васильева
MS-202608-0045;12.08.2026 13:47;Калинина Лариса Геннадиевна;+74640413207;zahar_27@yahoo.com;Новосибирск;Кроссовки городские демисезон;Обувь;1;4650,00;232,00;4418,00;Доставлен и оплачен;Банковская карта;Авито;Ольга Кузнецова
MS-202608-0175;12.08.2026 14:42;Зиновьева Агафья Валериевна;+7 108 670 2190;stepanovakira@rambler.ru;Екатеринбург;Беспроводные наушники X-Sound Pro;Электроника;3;5800,00;870,00;16530,00;Доставлен и оплачен;При получении;VK Маркет;Онлайн-автоматизация
MS-202608-0011;14.08.2026 00:01;Полина Болеславовна Алексеева;+7 962 326 6917;agafjaermakova@gmail.com;Санкт-Петербург;Пауэрбанк 20000 mAh FastCharge;Электроника;1;3150,00;94,00;3056,00;Доставлен и оплачен;При получении;VK Маркет;Максим Романов
MS-202608-0078;15.08.2026 00:07;Лыткина Фёкла Геннадиевна;+70652445344;adriantarasov@rambler.ru;Казань;Рюкзак городской водонепроницаемый;Аксессуары;1;4150,00;0,00;4150,00;Доставлен и оплачен;СБП;VK Маркет;Онлайн-автоматизация
MS-202608-0032;15.08.2026 01:01;Константин Фёдорович Афанасьев;8 470 320 61 71;usamsonov@yandex.ru;Ростов-на-Дону;Худи оверсайз хлопок;Одежда;2;5500,00;550,00;10450,00;Возврат;Долями / Сплит;Ozon;Онлайн-автоматизация
MS-202608-0187;16.08.2026 02:49;Исаков Роман Денисович;+7 154 053 47 48;moiseknjazev@yahoo.com;Самара;Кроссовки городские демисезон;Обувь;2;6100,00;610,00;11590,00;Доставлен и оплачен;СБП;VK Маркет;Максим Романов
MS-202608-0291;16.08.2026 03:31;Макар Ерофеевич Павлов;8 362 184 43 08;kuznetsovtit@hotmail.com;Новосибирск;Чехол для смартфона силиконовый;Аксессуары;2;850,00;51,00;1649,00;Доставлен и оплачен;СБП;VK Маркет;Елена Васильева
MS-202608-0152;16.08.2026 07:53;Крюкова Агата Богдановна;83670849494;emmanuil69@hotmail.com;Москва;Пауэрбанк 20000 mAh FastCharge;Электроника;2;3000,00;0,00;6000,00;Возврат;Безналичный расчет (юрлицо);Розничный магазин (офлайн);Анна Смирнова
MS-202608-0131;16.08.2026 09:19;Октябрина Кузьминична Блинова;+7 854 325 4517;pavel_2018@yahoo.com;Казань;Термокружка вакуумная 500мл;Товары для дома;1;1300,00;0,00;1300,00;Доставлен и оплачен;Банковская карта;Розничный магазин (офлайн);Ольга Кузнецова
MS-202608-0287;16.08.2026 18:36;Ксения Даниловна Турова;8 433 937 6767;zhuravlevaolga@yandex.ru;Новосибирск;Крем восстанавливающий SPF 50;Красота и уход;1;1150,00;34,00;1116,00;Ожидает оплаты;СБП;VK Маркет;Дмитрий Ковалев
MS-202608-0198;17.08.2026 03:24;Пономарева Кира Ивановна;+7 (025) 246-2735;nikola78@gmail.com;Краснодар;Увлажнитель воздуха ультразвуковой;Товары для дома;2;2500,00;150,00;4850,00;Отменен клиентом;Безналичный расчет (юрлицо);Розничный магазин (офлайн);Анна Смирнова
MS-202608-0245;17.08.2026 07:46;Павлова Вероника Анатольевна;+7 (885) 506-2427;alina_44@yahoo.com;Москва;Футболка базовая оверсайз;Одежда;1;1500,00;0,00;1500,00;Отменен клиентом;Долями / Сплит;Сайт (интернет-магазин);Онлайн-автоматизация
MS-202608-0184;17.08.2026 11:55;Зимина Марина Антоновна;89673337752;kuzma99@mail.ru;Санкт-Петербург;Кроссовки городские демисезон;Обувь;2;8700,00;0,00;17400,00;Доставлен и оплачен;При получении;Wildberries;Онлайн-автоматизация
MS-202608-0007;17.08.2026 20:21;Валентин Харлампович Елисеев;+7 717 725 9313;evstafilukin@rambler.ru;Краснодар;Светодиодная лампа с диммером;Товары для дома;1;1350,00;202,00;1148,00;Доставлен и оплачен;СБП;Розничный магазин (офлайн);Дмитрий Ковалев
MS-202608-0255;19.08.2026 00:54;Ян Игнатович Давыдов;+7 (974) 673-85-45;valentinalobanova@yandex.ru;Нижний Новгород;Умные часы FitPulse Max;Электроника;1;11600,00;348,00;11252,00;Доставлен и оплачен;СБП;Ozon;Онлайн-автоматизация
MS-202608-0051;19.08.2026 05:34;Максимов Анатолий Феликсович;+7 (613) 234-2030;hariton_1998@hotmail.com;Краснодар;Кроссовки городские демисезон;Обувь;1;5750,00;0,00;5750,00;Доставлен и оплачен;Долями / Сплит;Авито;Онлайн-автоматизация
MS-202608-0074;19.08.2026 08:31;Евлампий Фёдорович Стрелков;8 483 772 5591;avgust_60@rambler.ru;Самара;Увлажнитель воздуха ультразвуковой;Товары для дома;1;2400,00;120,00;2280,00;Доставлен и оплачен;Банковская карта;Авито;Ольга Кузнецова
MS-202608-0077;19.08.2026 18:38;Павлова Вероника Анатольевна;+7 (885) 506-2427;alina_44@yahoo.com;Москва;Защитное стекло Premium 9D;Аксессуары;1;400,00;0,00;400,00;В обработке;При получении;Розничный магазин (офлайн);Максим Романов
MS-202608-0159;19.08.2026 22:59;Будимир Аверьянович Стрелков;8 367 037 12 32;velimir1987@yandex.ru;Санкт-Петербург;Пауэрбанк 20000 mAh FastCharge;Электроника;1;2700,00;81,00;2619,00;Доставлен и оплачен;Долями / Сплит;Сайт (интернет-магазин);Максим Романов
MS-202608-0215;19.08.2026 23:50;Савва Измаилович Моисеев;+71249025654;viktor_2020@rambler.ru;Нижний Новгород;Крем восстанавливающий SPF 50;Красота и уход;3;1400,00;630,00;3570,00;Доставлен и оплачен;Безналичный расчет (юрлицо);Ozon;Онлайн-автоматизация
MS-202608-0283;20.08.2026 09:02;Панов Богдан Аксёнович;+7 351 136 9155;januari_84@rambler.ru;Самара;Крем восстанавливающий SPF 50;Красота и уход;2;1150,00;0,00;2300,00;Ожидает оплаты;Долями / Сплит;VK Маркет;Дмитрий Ковалев
MS-202608-0254;20.08.2026 12:41;Комиссаров Константин Богданович;8 (733) 608-40-35;radim47@yahoo.com;Екатеринбург;Умные часы FitPulse Max;Электроника;1;7000,00;0,00;7000,00;Возврат;Безналичный расчет (юрлицо);VK Маркет;Максим Романов
MS-202608-0268;21.08.2026 00:30;Наумов Спиридон Юлианович;+71809417848;selivan2023@yandex.ru;Екатеринбург;Кроссовки городские демисезон;Обувь;1;8000,00;0,00;8000,00;Передан в доставку;Банковская карта;Сайт (интернет-магазин);Дмитрий Ковалев
MS-202608-0213;21.08.2026 07:14;Светлана Львовна Фадеева;+7 036 787 1412;dlarionov@hotmail.com;Санкт-Петербург;Термокружка вакуумная 500мл;Товары для дома;2;1100,00;330,00;1870,00;Доставлен и оплачен;Безналичный расчет (юрлицо);Розничный магазин (офлайн);Ольга Кузнецова
MS-202608-0109;21.08.2026 08:55;Евпраксия Григорьевна Ефимова;+7 (439) 622-92-61;erofe75@gmail.com;Новосибирск;Футболка базовая оверсайз;Одежда;3;900,00;270,00;2430,00;Доставлен и оплачен;При получении;Розничный магазин (офлайн);Анна Смирнова
MS-202608-0212;21.08.2026 10:31;Алексеева Алевтина Богдановна;8 314 920 4633;korolevjuri@gmail.com;Казань;Пауэрбанк 20000 mAh FastCharge;Электроника;1;3750,00;0,00;3750,00;Доставлен и оплачен;Банковская карта;Wildberries;Онлайн-автоматизация
MS-202608-0180;22.08.2026 04:23;Панова Мария Афанасьевна;8 (265) 664-3188;simon1991@yahoo.com;Казань;Худи оверсайз хлопок;Одежда;1;5300,00;0,00;5300,00;Доставлен и оплачен;Долями / Сплит;Авито;Максим Романов
MS-202608-0160;22.08.2026 07:00;Суворов Святослав Якубович;+7 (167) 799-48-84;frol76@hotmail.com;Новосибирск;Крем восстанавливающий SPF 50;Красота и уход;1;750,00;0,00;750,00;Доставлен и оплачен;Безналичный расчет (юрлицо);VK Маркет;Анна Смирнова
MS-202608-0050;22.08.2026 08:25;Тихонова Ия Станиславовна;+74583286845;feklaershova@gmail.com;Новосибирск;Чехол для смартфона силиконовый;Аксессуары;1;550,00;55,00;495,00;Доставлен и оплачен;Безналичный расчет (юрлицо);Wildberries;Онлайн-автоматизация
MS-202608-0178;22.08.2026 21:14;Федоров Милен Вилорович;8 847 796 4765;kudrjavtsevljubim@rambler.ru;Казань;Умные часы FitPulse Max;Электроника;1;9200,00;920,00;8280,00;Возврат;При получении;VK Маркет;Онлайн-автоматизация
MS-202608-0218;23.08.2026 09:04;Уварова Елена Матвеевна;8 (925) 127-5324;julijapestova@yandex.ru;Ростов-на-Дону;Набор органической косметики CareSet;Красота и уход;1;3550,00;106,00;3444,00;Доставлен и оплачен;Банковская карта;Авито;Онлайн-автоматизация
MS-202608-0049;23.08.2026 11:24;Роман Гордеевич Ефимов;8 247 873 9577;ija2003@rambler.ru;Новосибирск;Кабель USB-C - Lightning нейлон 1.5м;Аксессуары;1;1150,00;0,00;1150,00;Доставлен и оплачен;СБП;Сайт (интернет-магазин);Анна Смирнова
MS-202608-0280;23.08.2026 11:42;Зиновьева Жанна Павловна;+7 (154) 087-25-96;bolshakovlukjan@mail.ru;Краснодар;Пауэрбанк 20000 mAh FastCharge;Электроника;4;2150,00;258,00;8342,00;Доставлен и оплачен;СБП;Ozon;Онлайн-автоматизация
MS-202608-0086;23.08.2026 21:17;Тетерина Людмила Семеновна;+7 519 425 08 61;ladimirkiselev@hotmail.com;Ростов-на-Дону;Кроссовки городские демисезон;Обувь;4;8800,00;3520,00;31680,00;Доставлен и оплачен;Долями / Сплит;Ozon;Онлайн-автоматизация
MS-202608-0142;24.08.2026 05:41;Мясникова Клавдия Феликсовна;8 070 966 2865;fortunat2015@mail.ru;Новосибирск;Защитное стекло Premium 9D;Аксессуары;1;400,00;0,00;400,00;Доставлен и оплачен;При получении;Ozon;Онлайн-автоматизация
MS-202608-0172;24.08.2026 23:35;Сафонов Влас Тарасович;+7 220 773 6071;martjan_67@yahoo.com;Москва;Худи оверсайз хлопок;Одежда;1;4800,00;0,00;4800,00;Доставлен и оплачен;Долями / Сплит;VK Маркет;Дмитрий Ковалев
MS-202608-0025;25.08.2026 09:56;Наумов Спиридон Юлианович;+71809417848;selivan2023@yandex.ru;Екатеринбург;Увлажнитель воздуха ультразвуковой;Товары для дома;4;3900,00;780,00;14820,00;Доставлен и оплачен;Безналичный расчет (юрлицо);Wildberries;Онлайн-автоматизация
MS-202608-0079;25.08.2026 12:01;Сидорова Таисия Захаровна;85413268383;ijaburova@gmail.com;Новосибирск;Защитное стекло Premium 9D;Аксессуары;1;350,00;0,00;350,00;Доставлен и оплачен;Долями / Сплит;VK Маркет;Максим Романов
MS-202608-0250;25.08.2026 23:06;Лора Оскаровна Мамонтова;+7 905 607 54 56;gleb73@yahoo.com;Новосибирск;Умные часы FitPulse Max;Электроника;1;6800,00;0,00;6800,00;Доставлен и оплачен;СБП;Розничный магазин (офлайн);Онлайн-автоматизация
MS-202608-0140;26.08.2026 03:32;Болеслав Афанасьевич Копылов;8 119 308 88 74;vmihalov@yahoo.com;Казань;Набор органической косметики CareSet;Красота и уход;2;3650,00;0,00;7300,00;Доставлен и оплачен;Банковская карта;VK Маркет;Ольга Кузнецова
MS-202608-0200;26.08.2026 09:25;Ковалев Федосий Марсович;8 (907) 672-40-02;filimon57@rambler.ru;Ростов-на-Дону;Светодиодная лампа с диммером;Товары для дома;1;2650,00;132,00;2518,00;Доставлен и оплачен;Долями / Сплит;VK Маркет;Ольга Кузнецова
MS-202608-0211;27.08.2026 06:31;Алексей Алексеевич Хохлов;81578181375;osip_79@hotmail.com;Самара;Рюкзак городской водонепроницаемый;Аксессуары;1;4600,00;138,00;4462,00;В обработке;СБП;VK Маркет;Елена Васильева
MS-202608-0277;27.08.2026 17:31;Будимир Аверьянович Стрелков;8 367 037 12 32;velimir1987@yandex.ru;Санкт-Петербург;Крем восстанавливающий SPF 50;Красота и уход;1;1450,00;44,00;1406,00;Доставлен и оплачен;Банковская карта;Сайт (интернет-магазин);Анна Смирнова
MS-202608-0249;28.08.2026 01:56;Петрова Елизавета Павловна;+7 (549) 285-3725;tartemev@gmail.com;Казань;Кроссовки городские демисезон;Обувь;1;8500,00;850,00;7650,00;Отменен клиентом;Долями / Сплит;Розничный магазин (офлайн);Ольга Кузнецова
MS-202608-0123;28.08.2026 13:11;Терентьев Евграф Гертрудович;88503253953;jan19@gmail.com;Екатеринбург;Увлажнитель воздуха ультразвуковой;Товары для дома;1;2050,00;62,00;1988,00;Доставлен и оплачен;Банковская карта;Сайт (интернет-магазин);Анна Смирнова
MS-202608-0237;28.08.2026 17:48;Симонова Евгения Даниловна;8 963 103 44 14;vorontsovbudimir@rambler.ru;Москва;Пауэрбанк 20000 mAh FastCharge;Электроника;4;3100,00;0,00;12400,00;Доставлен и оплачен;СБП;Сайт (интернет-магазин);Елена Васильева
MS-202608-0227;28.08.2026 19:21;Соломон Юльевич Давыдов;+7 (638) 355-43-01;erofe2001@yahoo.com;Нижний Новгород;Увлажнитель воздуха ультразвуковой;Товары для дома;1;2500,00;0,00;2500,00;Доставлен и оплачен;Безналичный расчет (юрлицо);Wildberries;Онлайн-автоматизация
MS-202608-0115;28.08.2026 20:23;Эмилия Тимофеевна Абрамова;8 (780) 695-82-25;anatoli2009@mail.ru;Новосибирск;Рюкзак городской водонепроницаемый;Аксессуары;1;3950,00;0,00;3950,00;Ожидает оплаты;Безналичный расчет (юрлицо);Сайт (интернет-магазин);Максим Романов
MS-202608-0112;29.08.2026 00:36;Красильников Эдуард Антонович;8 392 306 7034;zandreeva@rambler.ru;Казань;Крем восстанавливающий SPF 50;Красота и уход;3;1400,00;0,00;4200,00;Передан в доставку;Безналичный расчет (юрлицо);Сайт (интернет-магазин);Онлайн-автоматизация
MS-202608-0136;29.08.2026 06:24;Рогова Юлия Юрьевна;82320930283;morozovaveronika@gmail.com;Краснодар;Защитное стекло Premium 9D;Аксессуары;2;350,00;35,00;665,00;Доставлен и оплачен;Безналичный расчет (юрлицо);VK Маркет;Анна Смирнова
MS-202608-0101;29.08.2026 16:11;Евфросиния Львовна Смирнова;8 (338) 485-83-88;egor04@hotmail.com;Казань;Беспроводные наушники X-Sound Pro;Электроника;2;5350,00;321,00;10379,00;В обработке;Долями / Сплит;Ozon;Онлайн-автоматизация
MS-202608-0139;29.08.2026 18:40;Титов Феликс Эдуардович;86527800077;sobolevemeljan@rambler.ru;Новосибирск;Светодиодная лампа с диммером;Товары для дома;1;1750,00;52,00;1698,00;Доставлен и оплачен;СБП;Сайт (интернет-магазин);Ольга Кузнецова
MS-202608-0035;30.08.2026 00:07;Куликов Пахом Тимурович;8 879 316 6653;moiseevarkadi@yandex.ru;Санкт-Петербург;Худи оверсайз хлопок;Одежда;1;4700,00;0,00;4700,00;Доставлен и оплачен;Долями / Сплит;Авито;Ольга Кузнецова
MS-202608-0003;31.08.2026 00:55;Нонна Александровна Ершова;+7 462 825 5049;demid36@mail.ru;Новосибирск;Чехол для смартфона силиконовый;Аксессуары;1;800,00;40,00;760,00;Передан в доставку;Банковская карта;Авито;Максим Романов
MS-202608-0108;31.08.2026 04:07;Соловьева Майя Альбертовна;+7 389 118 0645;vladislavkonstantinov@yahoo.com;Новосибирск;Увлажнитель воздуха ультразвуковой;Товары для дома;1;3700,00;185,00;3515,00;В обработке;Долями / Сплит;VK Маркет;Онлайн-автоматизация
MS-202608-0185;31.08.2026 04:39;Журавлева Зинаида Евгеньевна;+7 (769) 552-58-07;sidorovsofon@rambler.ru;Екатеринбург;Чехол для смартфона силиконовый;Аксессуары;1;650,00;20,00;630,00;Ожидает оплаты;СБП;Авито;Ольга Кузнецова
MS-202609-0297;01.09.2026 05:38;Галкина Мария Оскаровна;8 861 986 5489;isidor_62@yahoo.com;Москва;Футболка базовая оверсайз;Одежда;1;1150,00;115,00;1035,00;Доставлен и оплачен;Безналичный расчет (юрлицо);Розничный магазин (офлайн);Елена Васильева
MS-202609-0246;01.09.2026 07:55;Юлия Игоревна Архипова;+7 292 863 01 70;feklaknjazeva@rambler.ru;Новосибирск;Чехол для смартфона силиконовый;Аксессуары;1;500,00;75,00;425,00;Доставлен и оплачен;Безналичный расчет (юрлицо);VK Маркет;Ольга Кузнецова
MS-202609-0038;01.09.2026 19:15;Мясников Селиверст Авдеевич;8 775 239 62 23;samsonovfilimon@rambler.ru;Екатеринбург;Пауэрбанк 20000 mAh FastCharge;Электроника;5;2800,00;700,00;13300,00;Передан в доставку;СБП;VK Маркет;Анна Смирнова
MS-202609-0207;02.09.2026 13:24;Виссарион Андреевич Потапов;+7 617 546 7958;feofan_1998@yandex.ru;Казань;Увлажнитель воздуха ультразвуковой;Товары для дома;1;2650,00;132,00;2518,00;Передан в доставку;При получении;Розничный магазин (офлайн);Максим Романов
MS-202609-0146;03.09.2026 04:54;Князев Изот Августович;8 631 912 1214;vasili2014@hotmail.com;Ростов-на-Дону;Футболка базовая оверсайз;Одежда;1;1950,00;0,00;1950,00;Ожидает оплаты;Банковская карта;Сайт (интернет-магазин);Максим Романов
MS-202609-0053;03.09.2026 09:39;Александрова Маргарита Валериевна;81658684203;boleslav_1974@mail.ru;Екатеринбург;Кроссовки городские демисезон;Обувь;1;6300,00;315,00;5985,00;Доставлен и оплачен;Банковская карта;Сайт (интернет-магазин);Анна Смирнова
MS-202609-0134;03.09.2026 10:12;Павел Виленович Мельников;8 (256) 028-2826;savvatidmitriev@rambler.ru;Санкт-Петербург;Светодиодная лампа с диммером;Товары для дома;3;2600,00;390,00;7410,00;Отменен клиентом;Долями / Сплит;Ozon;Онлайн-автоматизация
MS-202609-0274;04.09.2026 00:27;Туров Осип Германович;+78677983584;krjukovsimon@hotmail.com;Санкт-Петербург;Крем восстанавливающий SPF 50;Красота и уход;2;1200,00;72,00;2328,00;Отменен клиентом;При получении;Сайт (интернет-магазин);Ольга Кузнецова
MS-202609-0290;04.09.2026 03:59;Борислав Данилович Беляев;8 (322) 227-2789;zahargusev@rambler.ru;Екатеринбург;Защитное стекло Premium 9D;Аксессуары;3;350,00;52,00;998,00;Передан в доставку;Банковская карта;VK Маркет;Максим Романов
MS-202609-0060;04.09.2026 08:22;Наркис Фролович Блохин;8 584 878 8306;larisashcherbakova@yahoo.com;Екатеринбург;Крем восстанавливающий SPF 50;Красота и уход;5;1700,00;0,00;8500,00;Доставлен и оплачен;При получении;Ozon;Онлайн-автоматизация
MS-202609-0231;04.09.2026 13:22;Селиверст Адрианович Белов;+7 (181) 402-34-86;januari_13@gmail.com;Москва;Рюкзак городской водонепроницаемый;Аксессуары;1;3550,00;355,00;3195,00;Доставлен и оплачен;При получении;Розничный магазин (офлайн);Максим Романов
MS-202609-0199;04.09.2026 14:53;Филиппова Синклитикия Тарасовна;+7 362 589 37 14;kapustinarseni@gmail.com;Нижний Новгород;Термокружка вакуумная 500мл;Товары для дома;1;1900,00;57,00;1843,00;Доставлен и оплачен;СБП;Авито;Елена Васильева
MS-202609-0168;04.09.2026 22:31;Ирина Аркадьевна Костина;+76352739046;cheslav_64@yahoo.com;Краснодар;Светодиодная лампа с диммером;Товары для дома;2;1950,00;195,00;3705,00;Отменен клиентом;При получении;Wildberries;Онлайн-автоматизация
MS-202609-0158;05.09.2026 01:10;Арефий Феоктистович Панов;+7 (772) 632-6875;adam_2007@hotmail.com;Екатеринбург;Светодиодная лампа с диммером;Товары для дома;1;1900,00;0,00;1900,00;Доставлен и оплачен;Долями / Сплит;Wildberries;Онлайн-автоматизация
MS-202609-0073;05.09.2026 01:13;Пахом Владиславович Беляков;8 (097) 683-04-48;bolshakovaolimpiada@yahoo.com;Екатеринбург;Чехол для смартфона силиконовый;Аксессуары;1;700,00;105,00;595,00;Возврат;Банковская карта;Розничный магазин (офлайн);Дмитрий Ковалев
MS-202609-0009;05.09.2026 08:28;Сила Гурьевич Беляев;+7 (044) 644-1820;luka1971@mail.ru;Санкт-Петербург;Футболка базовая оверсайз;Одежда;1;1750,00;52,00;1698,00;Доставлен и оплачен;Долями / Сплит;VK Маркет;Ольга Кузнецова
MS-202609-0014;05.09.2026 18:25;Исаева Елена Геннадиевна;+7 177 748 5338;prov_11@hotmail.com;Санкт-Петербург;Набор органической косметики CareSet;Красота и уход;1;1950,00;98,00;1852,00;Отменен клиентом;Банковская карта;Wildberries;Онлайн-автоматизация
MS-202609-0205;05.09.2026 19:29;Эрнст Игоревич Красильников;8 (085) 787-96-06;kuprijan_1970@mail.ru;Краснодар;Защитное стекло Premium 9D;Аксессуары;1;450,00;45,00;405,00;В обработке;При получении;Ozon;Онлайн-автоматизация
MS-202609-0164;06.09.2026 02:28;Смирнов Моисей Данилович;8 756 356 63 53;nonna61@hotmail.com;Нижний Новгород;Пауэрбанк 20000 mAh FastCharge;Электроника;1;3450,00;172,00;3278,00;Доставлен и оплачен;Банковская карта;Сайт (интернет-магазин);Дмитрий Ковалев
MS-202609-0033;06.09.2026 07:58;Вишнякова Октябрина Кузьминична;8 (436) 531-25-48;savva1986@gmail.com;Ростов-на-Дону;Умные часы FitPulse Max;Электроника;2;4800,00;960,00;8640,00;В обработке;Банковская карта;Сайт (интернет-магазин);Елена Васильева
MS-202609-0186;06.09.2026 20:33;Наумова Людмила Мироновна;+7 (747) 660-2489;jan_1998@yandex.ru;Ростов-на-Дону;Чехол для смартфона силиконовый;Аксессуары;1;550,00;0,00;550,00;Передан в доставку;При получении;Wildberries;Онлайн-автоматизация
MS-202609-0111;06.09.2026 22:31;Муравьева Нинель Рудольфовна;8 (290) 862-2559;alinanazarova@yahoo.com;Санкт-Петербург;Пауэрбанк 20000 mAh FastCharge;Электроника;2;2350,00;235,00;4465,00;Доставлен и оплачен;Долями / Сплит;Сайт (интернет-магазин);Ольга Кузнецова
MS-202609-0295;07.09.2026 00:36;Андреева Маргарита Болеславовна;+77403206517;mstislav2004@rambler.ru;Нижний Новгород;Футболка базовая оверсайз;Одежда;1;1300,00;130,00;1170,00;В обработке;СБП;VK Маркет;Елена Васильева
MS-202609-0262;07.09.2026 03:19;Белов Кир Яковлевич;87458232977;braginflorentin@yahoo.com;Москва;Крем восстанавливающий SPF 50;Красота и уход;3;1350,00;608,00;3442,00;Доставлен и оплачен;Долями / Сплит;Сайт (интернет-магазин);Анна Смирнова
MS-202609-0236;08.09.2026 07:50;Терентьева Лора Валериевна;8 874 172 9932;hnosova@yandex.ru;Санкт-Петербург;Футболка базовая оверсайз;Одежда;3;1700,00;0,00;5100,00;Доставлен и оплачен;При получении;Авито;Дмитрий Ковалев
MS-202609-0023;08.09.2026 18:05;Носкова Ульяна Ефимовна;+7 (012) 312-9838;igorponomarev@yandex.ru;Новосибирск;Светодиодная лампа с диммером;Товары для дома;2;1400,00;0,00;2800,00;Доставлен и оплачен;СБП;Розничный магазин (офлайн);Елена Васильева
MS-202609-0232;09.09.2026 02:35;Милий Владленович Воробьев;+7 031 575 2754;karlponomarev@hotmail.com;Ростов-на-Дону;Футболка базовая оверсайз;Одежда;3;950,00;86,00;2764,00;Доставлен и оплачен;СБП;Сайт (интернет-магазин);Дмитрий Ковалев
MS-202609-0080;09.09.2026 09:37;Никифор Герасимович Максимов;8 (416) 625-76-83;maslovaklavdija@gmail.com;Ростов-на-Дону;Светодиодная лампа с диммером;Товары для дома;1;1800,00;0,00;1800,00;Передан в доставку;Безналичный расчет (юрлицо);Розничный магазин (офлайн);Дмитрий Ковалев
MS-202609-0084;09.09.2026 12:35;Якуб Фокич Лихачев;+7 473 652 0932;emilvlasov@hotmail.com;Екатеринбург;Защитное стекло Premium 9D;Аксессуары;1;400,00;20,00;380,00;Доставлен и оплачен;СБП;Wildberries;Онлайн-автоматизация
MS-202609-0107;10.09.2026 11:01;Романов Станислав Еремеевич;84493997569;pelageja2003@yandex.ru;Санкт-Петербург;Рюкзак городской водонепроницаемый;Аксессуары;3;2500,00;0,00;7500,00;Ожидает оплаты;Безналичный расчет (юрлицо);Сайт (интернет-магазин);Дмитрий Ковалев
MS-202609-0097;11.09.2026 04:27;Фаина Даниловна Шестакова;8 083 310 02 33;olga_2003@yahoo.com;Новосибирск;Пауэрбанк 20000 mAh FastCharge;Электроника;2;2700,00;270,00;5130,00;Доставлен и оплачен;СБП;Розничный магазин (офлайн);Анна Смирнова
MS-202609-0279;11.09.2026 07:44;Шашков Сигизмунд Абрамович;+7 (482) 364-7885;serge_1999@yahoo.com;Москва;Пауэрбанк 20000 mAh FastCharge;Электроника;3;1950,00;292,00;5558,00;Передан в доставку;Безналичный расчет (юрлицо);Ozon;Онлайн-автоматизация
MS-202609-0143;11.09.2026 11:15;Бронислав Валерианович Филиппов;+72401084804;svjatopolk56@rambler.ru;Самара;Набор органической косметики CareSet;Красота и уход;2;1850,00;111,00;3589,00;Доставлен и оплачен;Безналичный расчет (юрлицо);Сайт (интернет-магазин);Максим Романов
MS-202609-0202;11.09.2026 13:00;Сысоева Елена Вадимовна;+7 617 738 1470;kotovstanimir@mail.ru;Санкт-Петербург;Защитное стекло Premium 9D;Аксессуары;1;550,00;0,00;550,00;Возврат;При получении;VK Маркет;Елена Васильева
MS-202609-0288;11.09.2026 14:44;Александрова Маргарита Валериевна;81658684203;boleslav_1974@mail.ru;Екатеринбург;Футболка базовая оверсайз;Одежда;3;1850,00;0,00;5550,00;Доставлен и оплачен;При получении;Авито;Анна Смирнова
MS-202609-0028;11.09.2026 23:26;Галина Натановна Титова;8 232 043 0234;regina1973@hotmail.com;Новосибирск;Беспроводные наушники X-Sound Pro;Электроника;2;3750,00;375,00;7125,00;Доставлен и оплачен;При получении;Сайт (интернет-магазин);Елена Васильева
MS-202609-0189;12.09.2026 07:28;Рожкова Ираида Мироновна;+7 736 603 11 44;samolovaanastasija@yahoo.com;Екатеринбург;Пауэрбанк 20000 mAh FastCharge;Электроника;4;2900,00;580,00;11020,00;Доставлен и оплачен;При получении;Сайт (интернет-магазин);Онлайн-автоматизация
MS-202609-0217;12.09.2026 11:14;Моисеева Фаина Богдановна;+75540909016;fomaignatov@hotmail.com;Краснодар;Футболка базовая оверсайз;Одежда;1;1050,00;0,00;1050,00;Доставлен и оплачен;Безналичный расчет (юрлицо);Авито;Онлайн-автоматизация
MS-202609-0096;12.09.2026 20:09;Наумов Спиридон Юлианович;+71809417848;selivan2023@yandex.ru;Екатеринбург;Беспроводные наушники X-Sound Pro;Электроника;4;7450,00;0,00;29800,00;Доставлен и оплачен;Долями / Сплит;Розничный магазин (офлайн);Онлайн-автоматизация
MS-202609-0024;13.09.2026 03:02;Данилова Глафира Руслановна;+7 307 781 2687;ruben2017@yahoo.com;Казань;Светодиодная лампа с диммером;Товары для дома;2;2050,00;0,00;4100,00;Ожидает оплаты;Долями / Сплит;Розничный магазин (офлайн);Елена Васильева
MS-202609-0075;13.09.2026 09:30;Белозерова Алина Аскольдовна;+7 227 740 62 39;julija_2026@mail.ru;Краснодар;Чехол для смартфона силиконовый;Аксессуары;2;500,00;100,00;900,00;Доставлен и оплачен;Банковская карта;Wildberries;Онлайн-автоматизация
MS-202609-0156;13.09.2026 09:38;Владимир Бориславович Лапин;+7 580 163 2580;elizar_1993@yandex.ru;Новосибирск;Футболка базовая оверсайз;Одежда;3;1500,00;0,00;4500,00;Доставлен и оплачен;Долями / Сплит;Авито;Анна Смирнова
MS-202609-0275;13.09.2026 16:04;Евдокия Григорьевна Исаева;8 001 501 0621;jakub2019@gmail.com;Казань;Светодиодная лампа с диммером;Товары для дома;1;2750,00;0,00;2750,00;Возврат;Долями / Сплит;Wildberries;Онлайн-автоматизация
MS-202609-0057;13.09.2026 20:06;Артемий Ефстафьевич Селиверстов;+7 389 640 01 26;karlsuvorov@rambler.ru;Ростов-на-Дону;Термокружка вакуумная 500мл;Товары для дома;1;1350,00;40,00;1310,00;Доставлен и оплачен;При получении;Розничный магазин (офлайн);Дмитрий Ковалев
MS-202609-0119;14.09.2026 18:08;Гурий Ефимьевич Пономарев;8 (673) 023-77-17;valeri_19@gmail.com;Ростов-на-Дону;Увлажнитель воздуха ультразвуковой;Товары для дома;4;3200,00;384,00;12416,00;Доставлен и оплачен;СБП;Сайт (интернет-магазин);Онлайн-автоматизация
MS-202609-0106;14.09.2026 20:55;Алла Афанасьевна Тихонова;+7 580 837 4151;ilebedev@mail.ru;Санкт-Петербург;Умные часы FitPulse Max;Электроника;1;8050,00;0,00;8050,00;Доставлен и оплачен;СБП;Розничный магазин (офлайн);Дмитрий Ковалев
MS-202609-0044;14.09.2026 22:49;Ольга Оскаровна Гурьева;8 (179) 154-42-06;julija59@yahoo.com;Ростов-на-Дону;Защитное стекло Premium 9D;Аксессуары;1;650,00;0,00;650,00;Доставлен и оплачен;При получении;Ozon;Онлайн-автоматизация
MS-202609-0048;15.09.2026 12:07;Шилова Людмила Кирилловна;+7 (405) 510-6273;evseevboleslav@yandex.ru;Екатеринбург;Светодиодная лампа с диммером;Товары для дома;1;2550,00;0,00;2550,00;Доставлен и оплачен;Банковская карта;Розничный магазин (офлайн);Ольга Кузнецова
MS-202609-0022;15.09.2026 16:27;Остромир Ермилович Кудряшов;8 761 125 12 87;jan_2023@yahoo.com;Краснодар;Худи оверсайз хлопок;Одежда;5;4050,00;0,00;20250,00;Доставлен и оплачен;СБП;Wildberries;Онлайн-автоматизация
MS-202609-0127;16.09.2026 03:29;Карп Эдуардович Шарапов;8 (966) 483-1258;jaropolkturov@gmail.com;Москва;Защитное стекло Premium 9D;Аксессуары;3;700,00;105,00;1995,00;Доставлен и оплачен;Безналичный расчет (юрлицо);Авито;Дмитрий Ковалев
MS-202609-0233;16.09.2026 04:21;Евгения Александровна Давыдова;86519297032;hmaslov@yahoo.com;Москва;Набор органической косметики CareSet;Красота и уход;4;2700,00;324,00;10476,00;Доставлен и оплачен;Безналичный расчет (юрлицо);Ozon;Онлайн-автоматизация
MS-202609-0114;16.09.2026 08:12;Суханова Таисия Ефимовна;+7 403 800 89 14;lorakomissarova@yandex.ru;Москва;Светодиодная лампа с диммером;Товары для дома;1;2450,00;74,00;2376,00;Ожидает оплаты;Долями / Сплит;Розничный магазин (офлайн);Дмитрий Ковалев
MS-202609-0098;16.09.2026 09:14;Дементий Елисеевич Калашников;+7 (215) 249-3001;lev1989@gmail.com;Ростов-на-Дону;Умные часы FitPulse Max;Электроника;2;5400,00;324,00;10476,00;Доставлен и оплачен;СБП;Авито;Ольга Кузнецова
MS-202609-0016;16.09.2026 18:38;Шашков Сигизмунд Абрамович;+7 (482) 364-7885;serge_1999@yahoo.com;Москва;Защитное стекло Premium 9D;Аксессуары;4;600,00;72,00;2328,00;Доставлен и оплачен;Долями / Сплит;Ozon;Онлайн-автоматизация
MS-202609-0121;17.09.2026 15:15;Гурьева Синклитикия Наумовна;8 123 037 16 01;bodintsova@rambler.ru;Нижний Новгород;Беспроводные наушники X-Sound Pro;Электроника;1;7250,00;0,00;7250,00;Доставлен и оплачен;Безналичный расчет (юрлицо);Авито;Онлайн-автоматизация
MS-202609-0260;18.09.2026 04:58;Крылова Наина Тимуровна;+7 440 168 61 77;egor2007@gmail.com;Казань;Термокружка вакуумная 500мл;Товары для дома;1;950,00;0,00;950,00;Доставлен и оплачен;Долями / Сплит;VK Маркет;Елена Васильева
MS-202609-0234;18.09.2026 07:50;Агафон Филатович Голубев;+7 (931) 637-02-46;isidorkabanov@yandex.ru;Санкт-Петербург;Кабель USB-C - Lightning нейлон 1.5м;Аксессуары;2;600,00;36,00;1164,00;Доставлен и оплачен;При получении;Сайт (интернет-магазин);Ольга Кузнецова
MS-202609-0063;18.09.2026 21:07;Ярослав Изотович Игнатов;+7 521 917 95 47;vladislav85@mail.ru;Екатеринбург;Крем восстанавливающий SPF 50;Красота и уход;1;950,00;28,00;922,00;Доставлен и оплачен;При получении;Сайт (интернет-магазин);Елена Васильева
MS-202609-0253;19.09.2026 10:11;Соловьева Майя Альбертовна;+7 389 118 0645;vladislavkonstantinov@yahoo.com;Новосибирск;Худи оверсайз хлопок;Одежда;1;3600,00;0,00;3600,00;Доставлен и оплачен;При получении;Розничный магазин (офлайн);Дмитрий Ковалев
MS-202609-0021;19.09.2026 10:30;Лыткина Виктория Григорьевна;+7 (274) 950-4729;feofan2013@hotmail.com;Москва;Кабель USB-C - Lightning нейлон 1.5м;Аксессуары;1;600,00;0,00;600,00;Передан в доставку;Банковская карта;Авито;Елена Васильева
MS-202609-0157;19.09.2026 22:30;Александрова Маргарита Валериевна;81658684203;boleslav_1974@mail.ru;Екатеринбург;Кабель USB-C - Lightning нейлон 1.5м;Аксессуары;2;900,00;0,00;1800,00;Ожидает оплаты;Банковская карта;Wildberries;Онлайн-автоматизация
MS-202609-0225;19.09.2026 22:53;Горшкова Ия Эдуардовна;8 826 288 6236;viktorijagrishina@mail.ru;Новосибирск;Худи оверсайз хлопок;Одежда;3;4100,00;369,00;11931,00;Отменен клиентом;Долями / Сплит;VK Маркет;Дмитрий Ковалев
MS-202609-0257;20.09.2026 06:22;Моисеева Фаина Богдановна;+75540909016;fomaignatov@hotmail.com;Краснодар;Рюкзак городской водонепроницаемый;Аксессуары;1;3950,00;118,00;3832,00;Доставлен и оплачен;При получении;Розничный магазин (офлайн);Онлайн-автоматизация
MS-202609-0082;21.09.2026 17:15;Исаков Роман Денисович;+7 154 053 47 48;moiseknjazev@yahoo.com;Самара;Кроссовки городские демисезон;Обувь;3;4650,00;1395,00;12555,00;Отменен клиентом;Безналичный расчет (юрлицо);Авито;Елена Васильева
MS-202609-0046;22.09.2026 02:08;Меркушева Анжела Степановна;+7 288 606 39 29;aleksandrovaivanna@rambler.ru;Самара;Футболка базовая оверсайз;Одежда;1;1100,00;0,00;1100,00;Доставлен и оплачен;При получении;Авито;Ольга Кузнецова
MS-202609-0176;22.09.2026 16:48;Антонина Богдановна Андреева;8 (902) 470-60-28;kudrjavtsevernst@hotmail.com;Екатеринбург;Рюкзак городской водонепроницаемый;Аксессуары;1;4200,00;126,00;4074,00;В обработке;Долями / Сплит;Ozon;Онлайн-автоматизация
