Номер заказа,Покупатель,Менеджер,Товар,Сумма заказа,Прайс,"Скидка, %",Статус,Дата заказа,Первый контакт,Дата доставки,Канал продаж
ORD-07-001,Гурьев Ратмир,Ольга Кузнецова,Умные часы FitPulse Max,39600,39600,0,Доставлен и оплачен,2026-07-23 19:18,2026-07-23 19:25,2026-07-31 19:18,Авито
ORD-07-002,Шубина Нина,Максим Романов,Беспроводные наушники X-Sound Pro,6100,6100,0,Доставлен и оплачен,2026-07-04 19:47,2026-07-04 19:57,2026-07-08 19:47,Сайт
ORD-07-003,Ковалев Галактион,Елена Васильева,Пауэрбанк 20000 mAh FastCharge,6460,6800,5,Доставлен и оплачен,2026-07-17 20:48,2026-07-17 20:53,2026-07-20 20:48,Ozon
ORD-07-004,Лукин Евстафий,Ольга Кузнецова,Термокружка вакуумная 500мл,4200,4200,0,Доставлен и оплачен,2026-07-03 19:23,2026-07-03 19:28,2026-07-08 19:23,Сайт
ORD-07-005,Кошелева Вероника,Максим Романов,Увлажнитель воздуха ультразвуковой,8200,8200,0,Доставлен и оплачен,2026-07-13 12:50,2026-07-13 13:01,2026-07-20 12:50,Сайт
ORD-07-006,Борисов Галактион,Елена Васильева,Светодиодная лампа с диммером,3400,3400,0,Доставлен и оплачен,2026-07-31 14:47,2026-07-31 14:55,2026-08-06 14:47,Ozon
ORD-07-007,Макар Павлов,Ольга Кузнецова,Худи оверсайз хлопок,9800,9800,0,Доставлен и оплачен,2026-07-26 18:23,2026-07-26 18:27,2026-07-29 18:23,Сайт
ORD-07-008,Полякова Элеонора,Максим Романов,Кроссовки городские демисезон,6935,7300,5,Доставлен и оплачен,2026-07-30 15:43,2026-07-30 15:50,2026-08-05 15:43,Сайт
ORD-07-009,Вадим Новиков,Елена Васильева,Умные часы FitPulse Max,25600,25600,0,Доставлен и оплачен,2026-07-31 10:39,2026-07-31 10:50,2026-08-07 10:39,Wildberries
ORD-07-010,Лукин Епифан,Ольга Кузнецова,Беспроводные наушники X-Sound Pro,6400,6400,0,Доставлен и оплачен,2026-07-30 14:41,2026-07-30 14:50,2026-08-03 14:41,Ozon
ORD-07-011,Савельева София,Максим Романов,Пауэрбанк 20000 mAh FastCharge,6270,6600,5,Доставлен и оплачен,2026-08-01 11:06,2026-08-01 11:12,2026-08-05 11:06,Авито
ORD-07-012,Михайлов Владилен,Елена Васильева,Термокружка вакуумная 500мл,3000,3000,0,Доставлен и оплачен,2026-08-04 16:37,2026-08-04 16:42,2026-08-12 16:37,Ozon
ORD-07-013,Доронин Емельян,Ольга Кузнецова,Увлажнитель воздуха ультразвуковой,12300,12300,0,Доставлен и оплачен,2026-07-18 10:44,2026-07-18 10:52,2026-07-24 10:44,Авито
ORD-07-014,Лапина Евгения,Максим Романов,Светодиодная лампа с диммером,3230,3400,5,Доставлен и оплачен,2026-07-07 20:23,2026-07-07 20:34,2026-07-12 20:23,Ozon
ORD-07-015,Казаков Аникей,Елена Васильева,Худи оверсайз хлопок,10200,10200,0,Доставлен и оплачен,2026-07-13 11:54,2026-07-13 12:04,2026-07-21 11:54,Wildberries
ORD-07-016,Федорова Таисия,Ольга Кузнецова,Кроссовки городские демисезон,7030,7400,5,Доставлен и оплачен,2026-07-04 15:15,2026-07-04 15:20,2026-07-08 15:15,Ozon
ORD-07-017,Гурьев Ратмир,Максим Романов,Умные часы FitPulse Max,24890,26200,5,Доставлен и оплачен,2026-07-15 15:49,2026-07-15 15:54,2026-07-18 15:49,Сайт
ORD-07-018,Шубина Нина,Елена Васильева,Беспроводные наушники X-Sound Pro,13000,13000,0,Доставлен и оплачен,2026-07-09 18:16,2026-07-09 18:21,2026-07-17 18:16,Ozon
ORD-07-019,Ковалев Галактион,Ольга Кузнецова,Пауэрбанк 20000 mAh FastCharge,3400,3400,0,Доставлен и оплачен,2026-07-23 13:37,2026-07-23 13:45,2026-07-27 13:37,Сайт
ORD-07-020,Лукин Евстафий,Максим Романов,Термокружка вакуумная 500мл,2400,2400,0,Доставлен и оплачен,2026-07-27 18:07,2026-07-27 18:11,2026-08-02 18:07,Сайт
ORD-07-021,Кошелева Вероника,Елена Васильева,Увлажнитель воздуха ультразвуковой,4200,4200,0,Доставлен и оплачен,2026-07-29 18:14,2026-07-29 18:26,2026-08-06 18:14,Сайт
ORD-07-022,Борисов Галактион,Ольга Кузнецова,Светодиодная лампа с диммером,1900,1900,0,Доставлен и оплачен,2026-07-04 17:54,2026-07-04 18:03,2026-07-12 17:54,Ozon
ORD-07-023,Макар Павлов,Максим Романов,Худи оверсайз хлопок,15300,15300,0,Доставлен и оплачен,2026-07-05 11:20,2026-07-05 11:32,2026-07-08 11:20,Wildberries
ORD-07-024,Полякова Элеонора,Елена Васильева,Кроссовки городские демисезон,14200,14200,0,Доставлен и оплачен,2026-07-25 19:33,2026-07-25 19:40,2026-08-01 19:33,Авито
ORD-07-025,Вадим Новиков,Ольга Кузнецова,Умные часы FitPulse Max,12800,12800,0,Доставлен и оплачен,2026-08-05 13:27,2026-08-05 13:37,2026-08-11 13:27,Сайт
ORD-07-026,Лукин Епифан,Максим Романов,Беспроводные наушники X-Sound Pro,19500,19500,0,Доставлен и оплачен,2026-07-26 16:46,2026-07-26 16:50,2026-08-01 16:46,Сайт
ORD-07-027,Савельева София,Елена Васильева,Пауэрбанк 20000 mAh FastCharge,7000,7000,0,Доставлен и оплачен,2026-07-10 20:59,2026-07-10 21:09,2026-07-13 20:59,Ozon
ORD-07-028,Михайлов Владилен,Ольга Кузнецова,Термокружка вакуумная 500мл,3420,3600,5,Доставлен и оплачен,2026-07-07 15:51,2026-07-07 15:56,2026-07-10 15:51,Сайт
ORD-07-029,Доронин Емельян,Максим Романов,Увлажнитель воздуха ультразвуковой,10830,11400,5,Доставлен и оплачен,2026-07-23 20:48,2026-07-23 20:57,2026-07-26 20:48,Сайт
ORD-07-030,Лапина Евгения,Елена Васильева,Светодиодная лампа с диммером,3600,3600,0,Доставлен и оплачен,2026-07-07 19:32,2026-07-07 19:38,2026-07-15 19:32,Авито
ORD-07-031,Казаков Аникей,Ольга Кузнецова,Худи оверсайз хлопок,4900,4900,0,Доставлен и оплачен,2026-07-23 18:23,2026-07-23 18:27,2026-07-30 18:23,Wildberries
ORD-07-032,Федорова Таисия,Максим Романов,Кроссовки городские демисезон,22500,22500,0,Доставлен и оплачен,2026-08-05 19:39,2026-08-05 19:50,2026-08-12 19:39,Сайт
ORD-07-033,Гурьев Ратмир,Елена Васильева,Умные часы FitPulse Max,25000,25000,0,Доставлен и оплачен,2026-07-18 14:58,2026-07-18 15:06,2026-07-21 14:58,Wildberries
ORD-07-034,Шубина Нина,Ольга Кузнецова,Беспроводные наушники X-Sound Pro,13000,13000,0,Доставлен и оплачен,2026-07-26 11:09,2026-07-26 11:12,2026-08-03 11:09,Wildberries
ORD-07-035,Ковалев Галактион,Максим Романов,Пауэрбанк 20000 mAh FastCharge,10800,10800,0,Доставлен и оплачен,2026-07-30 15:10,2026-07-30 15:18,2026-08-07 15:10,Сайт
ORD-07-036,Лукин Евстафий,Елена Васильева,Термокружка вакуумная 500мл,1200,1200,0,Доставлен и оплачен,2026-07-10 12:48,2026-07-10 13:00,2026-07-18 12:48,Ozon
ORD-07-037,Кошелева Вероника,Ольга Кузнецова,Увлажнитель воздуха ультразвуковой,12000,12000,0,Доставлен и оплачен,2026-07-28 17:38,2026-07-28 17:48,2026-08-02 17:38,Wildberries
ORD-07-038,Борисов Галактион,Максим Романов,Светодиодная лампа с диммером,3200,3200,0,Доставлен и оплачен,2026-07-28 11:18,2026-07-28 11:30,2026-08-04 11:18,Сайт
ORD-07-039,Макар Павлов,Елена Васильева,Худи оверсайз хлопок,9600,9600,0,Доставлен и оплачен,2026-07-26 19:03,2026-07-26 19:06,2026-07-31 19:03,Wildberries
ORD-07-040,Полякова Элеонора,Ольга Кузнецова,Кроссовки городские демисезон,15000,15000,0,Доставлен и оплачен,2026-07-17 14:20,2026-07-17 14:24,2026-07-23 14:20,Авито
ORD-07-041,Вадим Новиков,Максим Романов,Умные часы FitPulse Max,24700,26000,5,Доставлен и оплачен,2026-07-25 18:45,2026-07-25 18:51,2026-08-01 18:45,Сайт
ORD-07-042,Лукин Епифан,Елена Васильева,Беспроводные наушники X-Sound Pro,17700,17700,0,Доставлен и оплачен,2026-07-03 16:01,2026-07-03 16:11,2026-07-08 16:01,Авито
ORD-07-043,Савельева София,Ольга Кузнецова,Пауэрбанк 20000 mAh FastCharge,10800,10800,0,Доставлен и оплачен,2026-07-19 11:25,2026-07-19 11:28,2026-07-23 11:25,Авито
ORD-07-044,Михайлов Владилен,Максим Романов,Термокружка вакуумная 500мл,1330,1400,5,Доставлен и оплачен,2026-07-28 11:15,2026-07-28 11:24,2026-08-03 11:15,Ozon
ORD-07-045,Доронин Емельян,Елена Васильева,Увлажнитель воздуха ультразвуковой,8200,8200,0,Доставлен и оплачен,2026-07-22 13:21,2026-07-22 13:26,2026-07-29 13:21,Ozon
ORD-07-046,Лапина Евгения,Ольга Кузнецова,Светодиодная лампа с диммером,3400,3400,0,Доставлен и оплачен,2026-07-23 20:52,2026-07-23 20:57,2026-07-26 20:52,Wildberries
ORD-07-047,Казаков Аникей,Максим Романов,Худи оверсайз хлопок,10000,10000,0,Доставлен и оплачен,2026-07-12 19:09,2026-07-12 19:13,2026-07-20 19:09,Авито
ORD-07-048,Федорова Таисия,Елена Васильева,Кроссовки городские демисезон,21600,21600,0,Доставлен и оплачен,2026-07-21 20:20,2026-07-21 20:25,2026-07-24 20:20,Авито
ORD-07-049,Гурьев Ратмир,Ольга Кузнецова,Умные часы FitPulse Max,26410,27800,5,Доставлен и оплачен,2026-07-18 19:03,2026-07-18 19:11,2026-07-21 19:03,Сайт
ORD-07-050,Шубина Нина,Максим Романов,Беспроводные наушники X-Sound Pro,18600,18600,0,Доставлен и оплачен,2026-07-03 10:23,2026-07-03 10:30,2026-07-11 10:23,Ozon
ORD-07-051,Ковалев Галактион,Елена Васильева,Пауэрбанк 20000 mAh FastCharge,10260,10800,5,Доставлен и оплачен,2026-08-05 10:28,2026-08-05 10:40,2026-08-09 10:28,Сайт
ORD-07-052,Лукин Евстафий,Ольга Кузнецова,Термокружка вакуумная 500мл,2850,3000,5,Доставлен и оплачен,2026-07-04 17:06,2026-07-04 17:14,2026-07-07 17:06,Wildberries
ORD-07-053,Кошелева Вероника,Максим Романов,Увлажнитель воздуха ультразвуковой,7600,7600,0,Отменен клиентом,2026-07-29 17:33,2026-07-29 17:44,2026-08-01 17:33,Wildberries
ORD-07-054,Борисов Галактион,Елена Васильева,Светодиодная лампа с диммером,3600,3600,0,Отменен клиентом,2026-07-19 16:26,2026-07-19 16:34,2026-07-22 16:26,Ozon
ORD-07-055,Макар Павлов,Ольга Кузнецова,Худи оверсайз хлопок,5000,5000,0,Отменен клиентом,2026-07-22 11:35,2026-07-22 11:44,2026-07-24 11:35,Сайт
ORD-07-056,Полякова Элеонора,Максим Романов,Кроссовки городские демисезон,14800,14800,0,Отменен клиентом,2026-07-22 11:37,2026-07-22 11:42,2026-07-24 11:37,Сайт
ORD-07-057,Вадим Новиков,Елена Васильева,Умные часы FitPulse Max,27400,27400,0,Отменен клиентом,2026-07-06 14:35,2026-07-06 14:44,2026-07-09 14:35,Сайт
ORD-07-058,Лукин Епифан,Ольга Кузнецова,Беспроводные наушники X-Sound Pro,13000,13000,0,Отменен клиентом,2026-08-03 11:41,2026-08-03 11:50,2026-08-06 11:41,Сайт
ORD-07-059,Савельева София,Максим Романов,Пауэрбанк 20000 mAh FastCharge,6600,6600,0,Отменен клиентом,2026-07-20 12:13,2026-07-20 12:21,2026-07-22 12:13,Wildberries
ORD-07-060,Михайлов Владилен,Елена Васильева,Термокружка вакуумная 500мл,2600,2600,0,Отменен клиентом,2026-07-10 11:18,2026-07-10 11:22,2026-07-13 11:18,Ozon
ORD-07-061,Доронин Емельян,Ольга Кузнецова,Увлажнитель воздуха ультразвуковой,8000,8000,0,Отменен клиентом,2026-07-25 12:10,2026-07-25 12:15,2026-07-28 12:10,Wildberries
ORD-07-062,Лапина Евгения,Максим Романов,Светодиодная лампа с диммером,1900,1900,0,Отменен клиентом,2026-07-27 15:43,2026-07-27 15:49,2026-07-29 15:43,Сайт
ORD-07-063,Казаков Аникей,Елена Васильева,Худи оверсайз хлопок,10200,10200,0,Отменен клиентом,2026-08-04 13:19,2026-08-04 13:29,2026-08-05 13:19,Сайт
ORD-07-064,Федорова Таисия,Ольга Кузнецова,Кроссовки городские демисезон,22200,22200,0,Ожидает подтверждения,2026-07-30 14:49,2026-07-30 14:58,,Авито
ORD-07-065,Гурьев Ратмир,Максим Романов,Умные часы FitPulse Max,26000,26000,0,Ожидает подтверждения,2026-07-09 14:03,2026-07-09 14:13,,Сайт
ORD-07-066,Шубина Нина,Елена Васильева,Беспроводные наушники X-Sound Pro,6300,6300,0,Ожидает подтверждения,2026-08-03 11:18,2026-08-03 11:22,,Wildberries
ORD-07-067,Ковалев Галактион,Ольга Кузнецова,Пауэрбанк 20000 mAh FastCharge,10500,10500,0,Ожидает подтверждения,2026-08-02 12:53,2026-08-02 13:02,,Ozon
ORD-07-068,Лукин Евстафий,Максим Романов,Термокружка вакуумная 500мл,3900,3900,0,Ожидает подтверждения,2026-07-23 10:26,2026-07-23 10:29,,Авито
ORD-07-069,Кошелева Вероника,Елена Васильева,Увлажнитель воздуха ультразвуковой,8400,8400,0,Ожидает подтверждения,2026-07-16 16:05,2026-07-16 16:13,,Wildberries
ORD-07-070,Борисов Галактион,Ольга Кузнецова,Светодиодная лампа с диммером,3200,3200,0,Ожидает подтверждения,2026-07-07 20:21,2026-07-07 20:26,,Wildberries
