Клиент;Бюджет;Статус;Дней на этапе;Менеджер;Дата
Офис на Садовой;15000;В работе;12;Аня;01.01.2026
Офис на Садовой;47000;Оплачено;9;Илья;02.02.2026
Студия «Лампа»;74000;Оплачено;5;Марина;03.03.2026
Студия «Лампа»;21000;В работе;39;Аня;04.01.2026
Офис на Садовой;6000;КП отправлено;44;Илья;05.02.2026
Студия «Лампа»;10000;Оплачено;15;Марина;06.03.2026
Типография «Лист»;12000;Отказ;2;Аня;07.01.2026
Салон «Волна»;46000;КП отправлено;16;Илья;08.02.2026
Коворкинг «Этаж»;21000;Отказ;5;Марина;09.03.2026
Детский центр «Бим»;16000;КП отправлено;21;Аня;10.01.2026
Офис на Садовой;16000;В работе;7;Илья;11.02.2026
Клиника «Шаг»;21000;Оплачено;11;Марина;12.03.2026
Офис на Садовой;19000;Отказ;12;Аня;13.01.2026
Офис на Садовой;18000;Оплачено;9;Илья;14.02.2026
Школа №12;6000;В работе;31;Марина;15.03.2026
Офис на Садовой;9000;В работе;28;Аня;16.01.2026
Студия «Лампа»;9000;Оплачено;14;Илья;17.02.2026
Йога-зал «Мята»;15000;КП отправлено;36;Марина;18.03.2026
Студия «Лампа»;14000;Оплачено;9;Аня;19.01.2026
Салон «Волна»;19000;Отказ;18;Илья;20.02.2026
Офис на Садовой;19000;КП отправлено;36;Марина;21.03.2026
Детский центр «Бим»;7000;Оплачено;18;Аня;22.01.2026
Мастерская «Глина»;14000;Оплачено;8;Илья;23.02.2026
Студия «Лампа»;18000;Оплачено;17;Марина;24.03.2026
Офис на Садовой;8000;Оплачено;18;Аня;25.01.2026
Студия «Лампа»;7000;Согласование;31;Илья;26.02.2026
Школа №12;16000;В работе;14;Марина;27.03.2026
Барбершоп «Нож»;8000;КП отправлено;17;Аня;01.01.2026
Аптека у метро;13000;В работе;23;Илья;02.02.2026
Йога-зал «Мята»;15000;Оплачено;19;Марина;03.03.2026
Типография «Лист»;7000;Согласование;42;Аня;04.01.2026
Салон «Волна»;17000;Согласование;28;Илья;05.02.2026
Коворкинг «Этаж»;6000;Новая;34;Марина;06.03.2026
Детский центр «Бим»;12000;Оплачено;9;Аня;07.01.2026
Студия «Лампа»;19000;Оплачено;14;Илья;08.02.2026
Клиника «Шаг»;40000;Оплачено;11;Марина;09.03.2026
